{"ZLocalNewsNWeather":{"getLocalNewsWeather":{"servicename":"ZLocalNewsNWeather","serviceid":"bb868c49-e9f5-4715-b78d-6328c2c3adbb","type":"orchestration","operationname":"getLocalNewsWeather","operationid":"2528122"}},"News":{"GetNewsForCategory":{"servicename":"News","serviceid":"06ef1390-c4db-412e-9527-56c5836d3fa6","type":"integration","operationname":"GetNewsForCategory","operationid":"2528112"},"LocalNews":{"servicename":"News","serviceid":"06ef1390-c4db-412e-9527-56c5836d3fa6","type":"integration","operationname":"LocalNews","operationid":"2528113"}},"ZCityWeather":{"getWeather":{"servicename":"ZCityWeather","serviceid":"913fa2ab-d13f-49cd-8473-b7a6e48ac5f5","type":"integration","operationname":"getWeather","operationid":"2528115"}},"ZLocalNews":{"getNews":{"servicename":"ZLocalNews","serviceid":"b96a1f89-c22d-4d2e-ab72-f82d59065956","type":"integration","operationname":"getNews","operationid":"2528117"}},"ZNewsForCategory":{"getNewsForCategory":{"servicename":"ZNewsForCategory","serviceid":"420249f3-ad43-4c80-8594-cd3e1ddfa850","type":"integration","operationname":"getNewsForCategory","operationid":"2528119"}},"ZWeatherForeCast":{"getForecast":{"servicename":"ZWeatherForeCast","serviceid":"ee5199d2-ce20-416e-9124-1701c5226261","type":"integration","operationname":"getForecast","operationid":"2528121"}}}