{
  "background_color": "ffffffff",
  "bg_type": "one",
  "border_color": "f2f1f1e5",
  "border_style": "rc",
  "border_type": 0,
  "border_width": 1,
  "desktopweb": {
    "bottom_left_border_color": "f2f1f1e5",
    "bottom_left_border_radius": 10,
    "bottom_left_border_style": "rc",
    "bottom_left_border_width": 1,
    "bottom_right_border_color": "f2f1f1e5",
    "bottom_right_border_radius": 10,
    "bottom_right_border_style": "rc",
    "bottom_right_border_width": 1,
    "isForked": true,
    "shadow": {
      "br": 0,
      "color": "ccccccff",
      "inner": false,
      "nm": 0,
      "x": 0,
      "y": 0
    },
    "top_left_border_color": "f2f1f1e5",
    "top_left_border_radius": 10,
    "top_left_border_style": "rc",
    "top_left_border_width": 1,
    "top_right_border_color": "f2f1f1e5",
    "top_right_border_radius": 10,
    "top_right_border_style": "rc",
    "top_right_border_width": 1
  },
  "ipad": {
    "isForked": true
  },
  "iphone": {
    "isForked": true
  },
  "isDefaultSkin": false,
  "kuid": "se685a0df1b74d80a4cfd77957ef0d08",
  "spaan": {
    "isForked": true
  },
  "spaandroidtablet": {
    "isForked": true
  },
  "spabb": {
    "isForked": true
  },
  "spaip": {
    "isForked": true
  },
  "spaipad": {
    "isForked": true
  },
  "spawindowstablet": {
    "isForked": true
  },
  "spawinphone8": {
    "isForked": true
  },
  "wType": "FlexContainer"
}