{
  "android": {
    "font_name": "roboto.regular",
    "font_size": 220,
    "isForked": false
  },
  "background_color": "f2f2f200",
  "bg_type": "one",
  "border_color": "424242ff",
  "border_style": "plain",
  "border_type": 0,
  "border_width": 0,
  "desktopweb": {
    "font_name": "Helvetica",
    "font_size": 220,
    "isForked": false
  },
  "fontSizeInPx": false,
  "font_color": "ffffffff",
  "font_name": "Helvetica",
  "font_size": 220,
  "font_style": "normal",
  "font_weight": "bold",
  "ipad": {
    "font_name": "Helvetica",
    "font_size": 220,
    "isForked": false
  },
  "iphone": {
    "font_name": "SFUIDisplay-Bold",
    "font_size": 220,
    "isForked": false
  },
  "isDefaultSkin": false,
  "kiosk": {
    "font_name": "GenericMonospace",
    "font_size": 220,
    "isForked": false
  },
  "kuid": "s5ffcad05e4d465398f7ade7ac45d3e5",
  "spaan": {
    "font_name": "Helvetica",
    "font_size": 220,
    "isForked": false
  },
  "spaandroidtablet": {
    "font_name": "Helvetica",
    "font_size": 220,
    "isForked": false
  },
  "spabb": {
    "font_name": "Helvetica",
    "font_size": 220,
    "isForked": false
  },
  "spaip": {
    "font_name": "Helvetica",
    "font_size": 220,
    "isForked": false
  },
  "spaipad": {
    "font_name": "Helvetica",
    "font_size": 220,
    "isForked": false
  },
  "spawindowstablet": {
    "font_name": "Helvetica",
    "font_size": 220,
    "isForked": false
  },
  "spawinphone8": {
    "font_name": "Helvetica",
    "font_size": 220,
    "isForked": false
  },
  "tabrcandroid": {
    "font_name": "Helvetica",
    "font_size": 220,
    "isForked": false
  },
  "wType": "Label",
  "watchos": {
    "font_name": "Helvetica",
    "font_size": 220,
    "isForked": false
  },
  "windows8": {
    "font_name": "GenericMonospace",
    "font_size": 220,
    "isForked": false
  },
  "winphone8": {
    "font_name": "GenericMonospace",
    "font_size": 220,
    "isForked": false
  }
}