{
    "android": {
        "background_color": "4b88f1ff",
        "bg_type": "one",
        "border_color": "4b88f1ff",
        "border_type": 0,
        "font_name": "sans-serif",
        "isForked": true,
        "text_shadow": {
            "br": 0,
            "color": "18608cff",
            "nm": 0,
            "x": 0,
            "y": 0
        }
    },
    "background_color": "56a9ddff",
    "bg_type": "one",
    "border_color": "56a9ddff",
    "border_radius": 50,
    "border_style": "custom",
    "border_type": 0,
    "border_width": 1,
    "desktopweb": {
        "background_color": "4b88f1ff",
        "bg_type": "one",
        "border_type": 0,
        "bottom_left_border_color": "4b88f1ff",
        "bottom_left_border_radius": "30",
        "bottom_left_border_style": "rc",
        "bottom_left_border_width": "1",
        "bottom_right_border_color": "4b88f1ff",
        "bottom_right_border_radius": "30",
        "bottom_right_border_style": "rc",
        "bottom_right_border_width": "1",
        "font_name": "FontAwesome",
        "isForked": true,
        "shadow": {
            "br": 2,
            "color": "000000ff",
            "inner": false,
            "nm": 0,
            "x": 0,
            "y": 2
        },
        "text_shadow": {
            "br": 0,
            "color": "18608cff",
            "nm": 0,
            "x": 0,
            "y": 0
        },
        "top_left_border_color": "4b88f1ff",
        "top_left_border_radius": "30",
        "top_left_border_style": "rc",
        "top_left_border_width": "1",
        "top_right_border_color": "4b88f1ff",
        "top_right_border_radius": "30",
        "top_right_border_style": "rc",
        "top_right_border_width": "1"
    },
    "font_color": "ffffffff",
    "font_name": "Helvetica",
    "font_size": 148,
    "font_style": "normal",
    "font_weight": "normal",
    "ipad": {
        "background_color": "4b88f1ff",
        "bg_type": "one",
        "border_color": "4b88f1ff",
        "border_type": 0,
        "font_name": "Nunito-Bold",
        "isForked": true,
        "text_shadow": {
            "br": 0,
            "color": "18608cff",
            "nm": 0,
            "x": 0,
            "y": 0
        }
    },
    "iphone": {
        "background_color": "4b88f1ff",
        "bg_type": "one",
        "border_color": "4b88f1ff",
        "border_type": 0,
        "font_name": "Nunito-Bold",
        "isForked": true,
        "text_shadow": {
            "br": 0,
            "color": "18608cff",
            "nm": 0,
            "x": 0,
            "y": 0
        }
    },
    "isDefaultSkin": false,
    "kiosk": {
        "background_color": "4b88f1ff",
        "bg_type": "one",
        "border_color": "4b88f1ff",
        "border_type": 0,
        "font_name": "FontAwesome",
        "isForked": true
    },
    "kuid": "sdd2812a5b9a475fac6d6d1129abb4ca",
    "spaan": {
        "background_color": "4b88f1ff",
        "bg_type": "one",
        "border_type": 0,
        "bottom_left_border_color": "4b88f1ff",
        "bottom_left_border_radius": "30",
        "bottom_left_border_style": "rc",
        "bottom_left_border_width": "1",
        "bottom_right_border_color": "4b88f1ff",
        "bottom_right_border_radius": "30",
        "bottom_right_border_style": "rc",
        "bottom_right_border_width": "1",
        "font_name": "Roboto-Medium",
        "isForked": true,
        "shadow": {
            "br": 2,
            "color": "000000ff",
            "inner": false,
            "nm": 0,
            "x": 0,
            "y": 2
        },
        "text_shadow": {
            "br": 0,
            "color": "18608cff",
            "nm": 0,
            "x": 0,
            "y": 0
        },
        "top_left_border_color": "4b88f1ff",
        "top_left_border_radius": "30",
        "top_left_border_style": "rc",
        "top_left_border_width": "1",
        "top_right_border_color": "4b88f1ff",
        "top_right_border_radius": "30",
        "top_right_border_style": "rc",
        "top_right_border_width": "1"
    },
    "spaandroidtablet": {
        "background_color": "4b88f1ff",
        "bg_type": "one",
        "border_type": 0,
        "bottom_left_border_color": "4b88f1ff",
        "bottom_left_border_radius": "30",
        "bottom_left_border_style": "rc",
        "bottom_left_border_width": "1",
        "bottom_right_border_color": "4b88f1ff",
        "bottom_right_border_radius": "30",
        "bottom_right_border_style": "rc",
        "bottom_right_border_width": "1",
        "font_name": "FontAwesome",
        "isForked": true,
        "shadow": {
            "br": 2,
            "color": "000000ff",
            "inner": false,
            "nm": 0,
            "x": 0,
            "y": 2
        },
        "text_shadow": {
            "br": 0,
            "color": "18608cff",
            "nm": 0,
            "x": 0,
            "y": 0
        },
        "top_left_border_color": "4b88f1ff",
        "top_left_border_radius": "30",
        "top_left_border_style": "rc",
        "top_left_border_width": "1",
        "top_right_border_color": "4b88f1ff",
        "top_right_border_radius": "30",
        "top_right_border_style": "rc",
        "top_right_border_width": "1"
    },
    "spabb": {
        "background_color": "4b88f1ff",
        "bg_type": "one",
        "border_type": 0,
        "bottom_left_border_color": "4b88f1ff",
        "bottom_left_border_radius": "30",
        "bottom_left_border_style": "rc",
        "bottom_left_border_width": "1",
        "bottom_right_border_color": "4b88f1ff",
        "bottom_right_border_radius": "30",
        "bottom_right_border_style": "rc",
        "bottom_right_border_width": "1",
        "font_name": "FontAwesome",
        "isForked": true,
        "shadow": {
            "br": 2,
            "color": "000000ff",
            "inner": false,
            "nm": 0,
            "x": 0,
            "y": 2
        },
        "text_shadow": {
            "br": 0,
            "color": "18608cff",
            "nm": 0,
            "x": 0,
            "y": 0
        },
        "top_left_border_color": "4b88f1ff",
        "top_left_border_radius": "30",
        "top_left_border_style": "rc",
        "top_left_border_width": "1",
        "top_right_border_color": "4b88f1ff",
        "top_right_border_radius": "30",
        "top_right_border_style": "rc",
        "top_right_border_width": "1"
    },
    "spaip": {
        "background_color": "4b88f1ff",
        "bg_type": "one",
        "border_type": 0,
        "bottom_left_border_color": "4b88f1ff",
        "bottom_left_border_radius": "30",
        "bottom_left_border_style": "rc",
        "bottom_left_border_width": "1",
        "bottom_right_border_color": "4b88f1ff",
        "bottom_right_border_radius": "30",
        "bottom_right_border_style": "rc",
        "bottom_right_border_width": "1",
        "font_name": "FontAwesome",
        "isForked": true,
        "shadow": {
            "br": 2,
            "color": "000000ff",
            "inner": false,
            "nm": 0,
            "x": 0,
            "y": 2
        },
        "text_shadow": {
            "br": 0,
            "color": "18608cff",
            "nm": 0,
            "x": 0,
            "y": 0
        },
        "top_left_border_color": "4b88f1ff",
        "top_left_border_radius": "30",
        "top_left_border_style": "rc",
        "top_left_border_width": "1",
        "top_right_border_color": "4b88f1ff",
        "top_right_border_radius": "30",
        "top_right_border_style": "rc",
        "top_right_border_width": "1"
    },
    "spaipad": {
        "background_color": "4b88f1ff",
        "bg_type": "one",
        "border_type": 0,
        "bottom_left_border_color": "4b88f1ff",
        "bottom_left_border_radius": "30",
        "bottom_left_border_style": "rc",
        "bottom_left_border_width": "1",
        "bottom_right_border_color": "4b88f1ff",
        "bottom_right_border_radius": "30",
        "bottom_right_border_style": "rc",
        "bottom_right_border_width": "1",
        "font_name": "FontAwesome",
        "isForked": true,
        "shadow": {
            "br": 2,
            "color": "000000ff",
            "inner": false,
            "nm": 0,
            "x": 0,
            "y": 2
        },
        "text_shadow": {
            "br": 0,
            "color": "18608cff",
            "nm": 0,
            "x": 0,
            "y": 0
        },
        "top_left_border_color": "4b88f1ff",
        "top_left_border_radius": "30",
        "top_left_border_style": "rc",
        "top_left_border_width": "1",
        "top_right_border_color": "4b88f1ff",
        "top_right_border_radius": "30",
        "top_right_border_style": "rc",
        "top_right_border_width": "1"
    },
    "spawindowstablet": {
        "background_color": "4b88f1ff",
        "bg_type": "one",
        "border_type": 0,
        "bottom_left_border_color": "4b88f1ff",
        "bottom_left_border_radius": "30",
        "bottom_left_border_style": "rc",
        "bottom_left_border_width": "1",
        "bottom_right_border_color": "4b88f1ff",
        "bottom_right_border_radius": "30",
        "bottom_right_border_style": "rc",
        "bottom_right_border_width": "1",
        "font_name": "FontAwesome",
        "isForked": true,
        "shadow": {
            "br": 2,
            "color": "000000ff",
            "inner": false,
            "nm": 0,
            "x": 0,
            "y": 2
        },
        "text_shadow": {
            "br": 0,
            "color": "18608cff",
            "nm": 0,
            "x": 0,
            "y": 0
        },
        "top_left_border_color": "4b88f1ff",
        "top_left_border_radius": "30",
        "top_left_border_style": "rc",
        "top_left_border_width": "1",
        "top_right_border_color": "4b88f1ff",
        "top_right_border_radius": "30",
        "top_right_border_style": "rc",
        "top_right_border_width": "1"
    },
    "spawinphone8": {
        "background_color": "4b88f1ff",
        "bg_type": "one",
        "border_type": 0,
        "bottom_left_border_color": "4b88f1ff",
        "bottom_left_border_radius": "30",
        "bottom_left_border_style": "rc",
        "bottom_left_border_width": "1",
        "bottom_right_border_color": "4b88f1ff",
        "bottom_right_border_radius": "30",
        "bottom_right_border_style": "rc",
        "bottom_right_border_width": "1",
        "font_name": "FontAwesome",
        "isForked": true,
        "shadow": {
            "br": 2,
            "color": "000000ff",
            "inner": false,
            "nm": 0,
            "x": 0,
            "y": 2
        },
        "text_shadow": {
            "br": 0,
            "color": "18608cff",
            "nm": 0,
            "x": 0,
            "y": 0
        },
        "top_left_border_color": "4b88f1ff",
        "top_left_border_radius": "30",
        "top_left_border_style": "rc",
        "top_left_border_width": "1",
        "top_right_border_color": "4b88f1ff",
        "top_right_border_radius": "30",
        "top_right_border_style": "rc",
        "top_right_border_width": "1"
    },
    "tabrcandroid": {
        "background_color": "4b88f1ff",
        "bg_type": "one",
        "border_color": "4b88f1ff",
        "border_type": 0,
        "font_name": "sans-serif",
        "isForked": true,
        "text_shadow": {
            "br": 0,
            "color": "18608cff",
            "nm": 0,
            "x": 0,
            "y": 0
        }
    },
    "wType": "Button",
    "watchos": {
        "background_color": "4b88f1ff",
        "bg_type": "one",
        "font_name": "FontAwesome",
        "isForked": true
    },
    "windows8": {
        "background_color": "4b88f1ff",
        "bg_type": "one",
        "border_color": "4b88f1ff",
        "border_type": 0,
        "font_name": "FontAwesome",
        "isForked": true
    },
    "winphone8": {
        "background_color": "4b88f1ff",
        "bg_type": "one",
        "border_color": "4b88f1ff",
        "border_type": 0,
        "font_name": "FontAwesome",
        "isForked": true
    }
}