{
    "android": {
        "font_name": "FontAwesome"
    },
    "background_color": "00000000",
    "bg_type": "one",
    "border_color": "424242ff",
    "border_style": "plain",
    "border_type": 0,
    "border_width": 0,
    "font_color": "424242ff",
    "font_name": "Helvetica",
    "font_size": 215,
    "font_style": "normal",
    "font_weight": "normal",
    "iphone": {
        "font_name": "FontAwesome"
    },
    "isDefaultSkin": false,
    "kuid": "sc10c1c306494957a2e850e706c1d402",
    "wType": "Label"
}