{
    "android": {
        "font_name": "roboto.regular",
        "font_size": 120,
        "isForked": false
    },
    "desktopweb": {
        "font_size": 120,
        "isForked": false
    },
    "font_color": "4b88f1ff",
    "font_name": "Helvetica",
    "font_size": 120,
    "font_style": "normal",
    "font_weight": "normal",
    "ipad": {
        "font_size": 120,
        "isForked": false
    },
    "iphone": {
        "font_name": "SFUIText-Regular",
        "font_size": 120,
        "isForked": false
    },
    "isDefaultSkin": false,
    "kiosk": {
        "font_size": 120,
        "isForked": false
    },
    "kuid": "s954dffaeae14234af2ea2a214fa1363",
    "spaan": {
        "font_size": 120,
        "isForked": false
    },
    "spaandroidtablet": {
        "font_size": 120,
        "isForked": false
    },
    "spabb": {
        "font_size": 120,
        "isForked": false
    },
    "spaip": {
        "font_size": 120,
        "isForked": false
    },
    "spaipad": {
        "font_size": 120,
        "isForked": false
    },
    "spawindowstablet": {
        "font_size": 120,
        "isForked": false
    },
    "spawinphone8": {
        "font_size": 120,
        "isForked": false
    },
    "tabrcandroid": {
        "font_size": 120,
        "isForked": false
    },
    "wType": "RichText",
    "watchos": {
        "font_size": 120,
        "isForked": false
    },
    "windows8": {
        "font_size": 120,
        "isForked": false
    },
    "winphone8": {
        "font_size": 120,
        "isForked": false
    }
}