{
    "@class": "com.kony.gen.viz.model.container.KVizScrollFlexForm",
    "DNDConfig": null,
    "_margin_": [
        0,
        0,
        0,
        0
    ],
    "_orientation_": 1,
    "_padding_": [
        0,
        0,
        0,
        0
    ],
    "_percent_": true,
    "_skin_": "s2825a0370794acc8123a927ef81561d",
    "_title_": null,
    "addWidgetsdone": false,
    "allboxes": [],
    "android": {
        "inTransitionConfig": {
            "formAnimation": 0
        },
        "needAppMenu": false,
        "psp": {
            "windowSoftInputMode": 2
        }
    },
    "canUpdateUI": true,
    "children": [
        "KnowledgeFramework1"
    ],
    "containerweight": 100,
    "controllerInfo": {
        "default": {
            "channel": "mobile",
            "name": "frmFrameworkController"
        }
    },
    "currentLocale": "default",
    "desktopweb": {
        "needAppMenu": false
    },
    "device": "iPhone6",
    "displayorientation": 1,
    "enabledforidletimeout": false,
    "id": "frmFramework",
    "ide_preShow": "AS_Form_ed8eb8dba2594bbf927d993c808f8411",
    "info": null,
    "initdone": false,
    "inputaccessoryviewtype": 4,
    "ipad": {
        "psp": {
            "inputAccessoryViewType": 4
        }
    },
    "iphone": {
        "inTransitionConfig": {
            "transitionDirection": "none",
            "transitionDuration": 0.3,
            "transitionEffect": "none"
        },
        "needAppMenu": false,
        "psp": {
            "configureStatusBarStyle": true,
            "inputAccessoryViewType": 4,
            "statusBarStyle": "STATUS_BAR_STYLE_LIGHT_CONTENT",
            "titleBarConfig": {
                "buttonClosureLeftSideView": "",
                "buttonClosureRightSideView": "",
                "buttonText": "Edit",
                "leftButtonText": "Back",
                "leftTitle": "Back",
                "prevFormTitle": false,
                "renderTitleText": true,
                "rightTitle": "Edit",
                "titleBarLeftSideView": "button",
                "titleBarRightSideView": "button",
                "titleClosureLeftSideView": "",
                "titleClosureRightSideView": "",
                "visible": false
            }
        },
        "titleBar": false
    },
    "isvisible": true,
    "kuid": "b01986ea256f49db85afbea0b8991e10",
    "layouttype": 2,
    "name": "kony.ui.Form2",
    "needappmenu": true,
    "paddinginpixel": false,
    "platform": "iphone",
    "postshow": "AS_Form_ff1182f99d924272996832958105b8e0",
    "prevDevice": "iPhone6",
    "prevPlatform": "iphone",
    "retainscrollposition": false,
    "shellCSS": "iOS_iPhone6",
    "snapgridsize": 10,
    "snaptogrid": true,
    "spa": {
        "inTransitionConfig": {
            "formTransition": "none"
        }
    },
    "spaan": {
        "needAppMenu": false
    },
    "spabb": {
        "needAppMenu": false
    },
    "spaip": {
        "needAppMenu": false
    },
    "spawinphone8": {
        "needAppMenu": false
    },
    "statusbarstyle": "STATUS_BAR_STYLE_LIGHT_CONTENT",
    "titleBarSkin": "s2ab8882b80342ff8ec247c454800961",
    "titlebar": true,
    "type": 3,
    "wType": "Form",
    "winphone8": {
        "inTransitionConfig": {
            "inTransition": "none",
            "transitionMode": "none",
            "transitionSpeed": 0
        },
        "needAppMenu": false
    }
}