{
    "@class": "com.kony.gen.viz.model.component.KVizUserWidget",
    "DNDConfig": null,
    "__parentReadjusting__": false,
    "_children_": [],
    "_height_": {
        "type": "string",
        "value": "100%"
    },
    "_left_": {
        "type": "string",
        "value": "0%"
    },
    "_margin_": [
        0,
        0,
        0,
        0
    ],
    "_orientation_": 1,
    "_padding_": [
        0,
        0,
        0,
        0
    ],
    "_percent_": true,
    "_render_": true,
    "_skin_": "s7299c717d33462eab1373a5e23f1c72",
    "_top_": {
        "type": "string",
        "value": "0%"
    },
    "_width_": {
        "type": "string",
        "value": "100%"
    },
    "autogrowmode": 0,
    "canUpdateUI": true,
    "clipbounds": true,
    "containerweight": 0,
    "data": {},
    "id": "KnowledgeFramework1",
    "info": null,
    "isvisible": true,
    "kuid": "f5d527ad36894669a8dd16fb3f75fdd2",
    "layouttype": 2,
    "masterType": 1,
    "name": "kony.ui.UserWidgetInstance",
    "parent": "frmFramework",
    "pf": "frmFramework",
    "snaptogrid": true,
    "sourceUserWidget": "gf1c9d141dda45169230e2c5a02f6d24",
    "wType": "UserWidgetInstance",
    "zindex": 50
}