{
    "AS_Button_d2f0985dd6384218bea42dc9dea2f3dc": {
        "id": "AS_Button_d2f0985dd6384218bea42dc9dea2f3dc",
        "type": "ACTION_SEQUENCE",
        "params": [{
            "datatype": "collection",
            "name": "eventobject"
        }],
        "contextObj": {
            "name": "frmNewsAndWeather",
            "type": "forms",
            "platform": "",
            "KUID": "b7e61c0deb3a4169a987b8d1a8590c54"
        },
        "language": "js",
        "actions": [{
            "id": "NAVIGATE_TO_FORM___gcd69e0497da4a76b720d59f5722241f",
            "type": "NAVIGATE_TO_FORM",
            "formId": "frmFramework",
            "formKUID": "b01986ea256f49db85afbea0b8991e10",
            "mappings": {},
            "mappingsOrder": [],
            "parentId": "",
            "callbackType": null,
            "enableMappingEditor": true,
            "package": "KnowledgeFramework"
        }]
    }
}