{
    "AS_FlexContainer_d809ba31b7fb4de08d1b79ac1d890038": {
        "id": "AS_FlexContainer_d809ba31b7fb4de08d1b79ac1d890038",
        "type": "ACTION_SEQUENCE",
        "params": [{
            "datatype": "collection",
            "name": "eventobject"
        }],
        "language": "js",
        "actions": [{
            "id": "INVOKE_FUNCTION__ide_onClick_b221d7759a4d452d82a9ad3406b78952",
            "type": "INVOKE_FUNCTION",
            "sequenceKUID": "setSelection",
            "display": "setSelection",
            "inputparams": [],
            "callbackType": null,
            "disabled": null,
            "source": "controller"
        }]
    }
}