{
    "AS_Button_c5b644cc89214b9b91e0ec4ae2c90260": {
        "id": "AS_Button_c5b644cc89214b9b91e0ec4ae2c90260",
        "type": "ACTION_SEQUENCE",
        "params": [{
            "datatype": "collection",
            "name": "eventobject"
        }],
        "language": "js",
        "actions": [{
            "id": "ADD_SNIPPET_ide_onClick_h165db304b7c40d2bb4fd4d791694d2c",
            "type": "ADD_SNIPPET",
            "codeSnippet": "this.onClickPlayButton(eventobject.id);",
            "callbackType": null
        }]
    }
}