{
    "AS_FlexContainer_bcebdc170fde410b8ac13ec7ca37a509": {
        "id": "AS_FlexContainer_bcebdc170fde410b8ac13ec7ca37a509",
        "type": "ACTION_SEQUENCE",
        "params": [{
            "datatype": "collection",
            "name": "eventobject"
        }],
        "language": "js",
        "actions": [{
            "id": "ADD_SNIPPET_ide_onClick_a81f76dbfc074a1db421175631085582",
            "type": "ADD_SNIPPET",
            "codeSnippet": "this.onClickBack();",
            "callbackType": null
        }]
    }
}