{
  "icon" : "icon.png",
  "subType" : "customapp",
  "description" : "NewsNWeatherDemo",
  "version" : "1.0",
  "intSvcs" : [ {
    "name" : "News",
    "version" : "1.0"
  }, {
    "name" : "ZCityWeather",
    "version" : "1.0"
  }, {
    "name" : "ZLocalNews",
    "version" : "1.0"
  }, {
    "name" : "ZNewsForCategory",
    "version" : "1.0"
  }, {
    "name" : "ZWeatherForeCast",
    "version" : "1.0"
  } ],
  "orchSvcs" : [ {
    "name" : "ZLocalNewsNWeather",
    "version" : "1.0"
  } ],
  "identity" : [ "userstore" ]
}