{
    "AS_Button_abe4f10e0f104eda85096deca9556e0b": {
        "id": "AS_Button_abe4f10e0f104eda85096deca9556e0b",
        "type": "ACTION_SEQUENCE",
        "params": [{
            "datatype": "collection",
            "name": "eventobject"
        }, {
            "datatype": "string",
            "name": "x"
        }, {
            "datatype": "string",
            "name": "y"
        }],
        "language": "js",
        "actions": [{
            "id": "ADD_SNIPPET__de21a2a63a6a4250a0c6c3cd4b62f322",
            "type": "ADD_SNIPPET",
            "codeSnippet": "this.closeWhenDone();",
            "parentId": null,
            "callbackType": null
        }]
    }
}