{
    "AS_FlexContainer_ea54c95b97294122a95bc4ff5559bc8a": {
        "id": "AS_FlexContainer_ea54c95b97294122a95bc4ff5559bc8a",
        "type": "ACTION_SEQUENCE",
        "params": [{
            "datatype": "collection",
            "name": "eventobject"
        }, {
            "datatype": "string",
            "name": "x"
        }, {
            "datatype": "string",
            "name": "y"
        }],
        "contextObj": {
            "name": "uwa4111ee47c4a412db70eb51f1d6127ad",
            "type": "userwidgets",
            "KUID": "a4111ee47c4a412db70eb51f1d6127ad"
        },
        "language": "js",
        "actions": [{
            "id": "ADD_SNIPPET__f89fea24266a4854940e720ea6c7c0fa",
            "type": "ADD_SNIPPET",
            "codeSnippet": "this.touchE();",
            "parentId": null,
            "callbackType": null
        }]
    }
}