{
    "AS_Segment_cc4a496983724c0d906f04a301e2f1e7": {
        "id": "AS_Segment_cc4a496983724c0d906f04a301e2f1e7",
        "type": "ACTION_SEQUENCE",
        "params": [{
            "datatype": "collection",
            "name": "seguiWidget"
        }, {
            "datatype": "number",
            "name": "sectionIndex"
        }, {
            "datatype": "number",
            "name": "rowIndex"
        }],
        "contextObj": {
            "type": "userwidgets",
            "KUID": "u8ab5661ff134ce7b364cb9b1282988c"
        },
        "language": "js",
        "actions": [{
            "id": "ADD_SNIPPET__a952f1d357a8483483c4ff8897e3716f",
            "type": "ADD_SNIPPET",
            "codeSnippet": "this.onSwipe(rowIndex);",
            "parentId": null,
            "callbackType": null
        }]
    }
}