{
    "AS_Segment_a69848b46ac74c27b36d6d7b27ba82d5": {
        "id": "AS_Segment_a69848b46ac74c27b36d6d7b27ba82d5",
        "type": "ACTION_SEQUENCE",
        "params": [{
            "datatype": "collection",
            "name": "eventobject"
        }, {
            "datatype": "number",
            "name": "sectionNumber"
        }, {
            "datatype": "number",
            "name": "rowNumber"
        }],
        "contextObj": {
            "name": "uwa4111ee47c4a412db70eb51f1d6127ad",
            "type": "userwidgets",
            "KUID": "a4111ee47c4a412db70eb51f1d6127ad"
        },
        "language": "js",
        "actions": [{
            "id": "ADD_SNIPPET__f1eae0e562374fef9566e1a7e7b64340",
            "type": "ADD_SNIPPET",
            "codeSnippet": "this.onRowClick();",
            "parentId": null,
            "callbackType": null
        }]
    }
}