{
    "@class": "com.kony.gen.viz.model.component.KVizButton",
    "DNDConfig": null,
    "__parentReadjusting__": false,
    "_height_": {
        "type": "string",
        "value": "80%"
    },
    "_left_": {
        "type": "string",
        "value": "2dp"
    },
    "_margin_": [
        6,
        6,
        6,
        6
    ],
    "_padding_": [
        1,
        0,
        1,
        0
    ],
    "_skin_": "s231d7f01a6f4cbea89eb3bb3f413574",
    "_text_": "ENTERTAINMENT",
    "_width_": {
        "type": "ref",
        "value": "preferred"
    },
    "canUpdateUI": true,
    "centery": {
        "type": "string",
        "value": "50%"
    },
    "containerweight": 100,
    "contentalignment": 5,
    "displaytext": true,
    "focusskin": "s823c0a1a85a4141898fbfdd5cf78235",
    "id": "btnCat6",
    "ide_onClick": "AS_Button_e7e265d183ab4b7a98b42f591d9200ce",
    "info": null,
    "isvisible": true,
    "kuid": "bfee8d9ace2f4f3fab2fa9e0fd30e188",
    "name": "kony.ui.Button",
    "paddinginpixel": false,
    "parent": "flxCategories",
    "pf": "frmNewsAndWeather",
    "wType": "Button",
    "zindex": 1
}