{
    "@class": "com.kony.gen.viz.model.component.KVizButton",
    "DNDConfig": null,
    "__parentReadjusting__": false,
    "_height_": {
        "type": "string",
        "value": "80%"
    },
    "_left_": {
        "type": "string",
        "value": "2dp"
    },
    "_margin_": [
        6,
        6,
        6,
        6
    ],
    "_padding_": [
        1,
        0,
        1,
        0
    ],
    "_skin_": "secd2578ee4f4d829efa0402b2a96695",
    "_text_": "TOP STORIES",
    "_width_": {
        "type": "ref",
        "value": "preferred"
    },
    "canUpdateUI": true,
    "centery": {
        "type": "string",
        "value": "50%"
    },
    "containerweight": 100,
    "contentalignment": 5,
    "displaytext": true,
    "focusskin": "s823c0a1a85a4141898fbfdd5cf78235",
    "id": "btnCat1",
    "ide_onClick": "AS_Button_h818d3ba5c174e54b0566512f4281b85",
    "info": null,
    "isvisible": true,
    "kuid": "b0ebf3567b2a4fd68e9606273782faa5",
    "name": "kony.ui.Button",
    "paddinginpixel": false,
    "parent": "flxCategories",
    "pf": "frmNewsAndWeather",
    "wType": "Button",
    "zindex": 1
}