{
    "@class": "com.kony.gen.viz.model.component.KVizButton",
    "DNDConfig": null,
    "__parentReadjusting__": false,
    "_height_": {
        "type": "string",
        "value": "40dp"
    },
    "_left_": {
        "type": "string",
        "value": "0%"
    },
    "_margin_": [
        6,
        6,
        6,
        6
    ],
    "_padding_": [
        0,
        0,
        0,
        0
    ],
    "_skin_": "s231d7f01a6f4cbea89eb3bb3f413574",
    "_text_": "      LOCAL",
    "_top_": {
        "type": "string",
        "value": "0dp"
    },
    "_width_": {
        "type": "string",
        "value": "100%"
    },
    "canUpdateUI": true,
    "containerweight": 100,
    "contentalignment": 4,
    "desktopweb": {
        "psp": {
            "hoverSkin": "s81c1fefd732480a8ddda0f573225c65"
        }
    },
    "disabledSkins": {},
    "displaytext": true,
    "focusskin": "s823c0a1a85a4141898fbfdd5cf78235",
    "id": "btnHamCat10",
    "ide_onClick": "AS_Button_i75f0102a20b4ff38f28b6d21e0268e7",
    "info": null,
    "isvisible": true,
    "kuid": "j1ff371bc311459b83bead62e3e6cd30",
    "name": "kony.ui.Button",
    "parent": "flxHamCats",
    "pf": "frmNewsAndWeather",
    "wType": "Button",
    "zindex": 1
}