{
    "DNDConfig": null,
    "__parentReadjusting__": false,
    "_bottom_": {
        "type": "string",
        "value": "80px"
    },
    "_height_": {
        "type": "string",
        "value": "60dp"
    },
    "_margin_": [
        0,
        0,
        0,
        0
    ],
    "_orientation_": 6,
    "_padding_": [
        0,
        0,
        0,
        0
    ],
    "_percent_": true,
    "_right_": {
        "type": "string",
        "value": "30px"
    },
    "_skin_": "sff2466ad01241109f927148492d22a4",
    "_width_": {
        "type": "string",
        "value": "80px"
    },
    "allboxes": [],
    "autogrowmode": 0,
    "canUpdateUI": true,
    "children": [
        "Image0ed6dbfa06efa47"
    ],
    "clipbounds": true,
    "containerweight": 100,
    "enablescrolling": true,
    "id": "flxFloating",
    "ide_onClick": "AS_FlexContainer_g3b61cb7a6b348639e1660888549db6e",
    "info": null,
    "isvisible": true,
    "kuid": "hbbe1212ce0f47c287989416a5143688",
    "layouttype": 2,
    "name": "kony.ui.FlexContainer",
    "parent": "frmNewsAndWeather",
    "pf": "frmNewsAndWeather",
    "snapgridsize": 10,
    "snaptogrid": true,
    "wType": "FlexContainer",
    "widgetalignment": 1,
    "zindex": 30
}