{
    "DNDConfig": null,
    "__parentReadjusting__": false,
    "_height_": {
        "type": "ref",
        "value": "preferred"
    },
    "_margin_": [
        0,
        0,
        0,
        0
    ],
    "_orientation_": 6,
    "_padding_": [
        0,
        0,
        0,
        0
    ],
    "_percent_": true,
    "_right_": {
        "type": "string",
        "value": "8%"
    },
    "_skin_": "s30a95d147bd40b2b0cd03f050980c4e",
    "_top_": {
        "type": "string",
        "value": "6%"
    },
    "_width_": {
        "type": "string",
        "value": "250px"
    },
    "allboxes": [],
    "autogrowmode": 1,
    "canUpdateUI": true,
    "children": [
        "flxHamCats",
        "btnDocumentation",
        "CopyflxMenuSeperator0fc469db527364c",
        "btnBaseCamp"
    ],
    "clipbounds": true,
    "containerweight": 100,
    "enablescrolling": true,
    "id": "flxHamMenu",
    "info": null,
    "isvisible": false,
    "kuid": "j4a3aa03304846259c67c173d314b269",
    "layouttype": 4,
    "name": "kony.ui.FlexContainer",
    "parent": "frmNewsAndWeather",
    "pf": "frmNewsAndWeather",
    "snapgridsize": 10,
    "snaptogrid": true,
    "wType": "FlexContainer",
    "widgetalignment": 1,
    "zindex": 30
}