{
    "DNDConfig": null,
    "__parentReadjusting__": false,
    "_height_": {
        "type": "string",
        "value": "7%"
    },
    "_left_": {
        "type": "string",
        "value": "0px"
    },
    "_margin_": [
        0,
        0,
        0,
        0
    ],
    "_orientation_": 6,
    "_padding_": [
        0,
        0,
        0,
        0
    ],
    "_percent_": true,
    "_skin_": "s4cac84ee22a48f1b4c51a800c15b1ce",
    "_top_": {
        "type": "string",
        "value": "0%"
    },
    "_width_": {
        "type": "string",
        "value": "100%"
    },
    "allboxes": [],
    "autogrowmode": 0,
    "canUpdateUI": true,
    "children": [
        "flxHeaderContentWrapper"
    ],
    "clipbounds": true,
    "containerweight": 100,
    "enablescrolling": true,
    "id": "flxHeader",
    "info": null,
    "isvisible": true,
    "kuid": "i291658515f04c16bd952b74feaccf4a",
    "layouttype": 2,
    "name": "kony.ui.FlexContainer",
    "parent": "frmNewsAndWeather",
    "pf": "frmNewsAndWeather",
    "snapgridsize": 10,
    "snaptogrid": true,
    "wType": "FlexContainer",
    "widgetalignment": 1,
    "zindex": 1
}