{
    "DNDConfig": null,
    "__parentReadjusting__": false,
    "_height_": {
        "type": "string",
        "value": "100%"
    },
    "_margin_": [
        0,
        0,
        0,
        0
    ],
    "_orientation_": 6,
    "_padding_": [
        0,
        0,
        0,
        0
    ],
    "_percent_": true,
    "_skin_": "sfd175df69f743a69bda059fa8d549f5",
    "_width_": {
        "type": "string",
        "value": "85%"
    },
    "allboxes": [],
    "autogrowmode": 0,
    "canUpdateUI": true,
    "centerx": {
        "type": "string",
        "value": "50%"
    },
    "centery": {
        "type": "string",
        "value": "50%"
    },
    "children": [
        "imgLogo",
        "lblTitle",
        "flxCategories",
        "flxMenu"
    ],
    "clipbounds": true,
    "containerweight": 100,
    "enablescrolling": true,
    "id": "flxHeaderContentWrapper",
    "info": null,
    "isvisible": true,
    "kuid": "j4979f9620bf4bca924ff18c46d346b9",
    "layouttype": 2,
    "name": "kony.ui.FlexContainer",
    "parent": "flxHeader",
    "pf": "frmNewsAndWeather",
    "snapgridsize": 10,
    "snaptogrid": true,
    "wType": "FlexContainer",
    "widgetalignment": 1,
    "zindex": 1
}