{
    "DNDConfig": null,
    "__parentReadjusting__": false,
    "_height_": {
        "type": "ref",
        "value": "preferred"
    },
    "_left_": {
        "type": "string",
        "value": "0dp"
    },
    "_margin_": [
        0,
        0,
        0,
        0
    ],
    "_orientation_": 6,
    "_padding_": [
        0,
        0,
        0,
        0
    ],
    "_percent_": true,
    "_skin_": "sfd175df69f743a69bda059fa8d549f5",
    "_top_": {
        "type": "string",
        "value": "0dp"
    },
    "_width_": {
        "type": "string",
        "value": "100%"
    },
    "allboxes": [],
    "autogrowmode": 1,
    "canUpdateUI": true,
    "children": [
        "btnHamCat1",
        "btnHamCat2",
        "btnHamCat10",
        "btnHamCat3",
        "btnHamCat4",
        "btnHamCat5",
        "btnHamCat6",
        "btnHamCat7",
        "btnHamCat8",
        "btnHamCat9"
    ],
    "clipbounds": true,
    "containerweight": 100,
    "enablescrolling": true,
    "id": "flxHamCats",
    "info": null,
    "isvisible": false,
    "kuid": "dfc71f8d34b54164aedf38d34a6f4a80",
    "layouttype": 4,
    "name": "kony.ui.FlexContainer",
    "parent": "flxHamMenu",
    "pf": "frmNewsAndWeather",
    "snapgridsize": 10,
    "snaptogrid": true,
    "wType": "FlexContainer",
    "widgetalignment": 1,
    "zindex": 1
}