{
    "DNDConfig": null,
    "__parentReadjusting__": false,
    "_height_": {
        "type": "string",
        "value": "70%"
    },
    "_margin_": [
        0,
        0,
        0,
        0
    ],
    "_orientation_": 6,
    "_padding_": [
        0,
        0,
        0,
        0
    ],
    "_percent_": true,
    "_right_": {
        "type": "string",
        "value": "15px"
    },
    "_skin_": "sfd175df69f743a69bda059fa8d549f5",
    "_width_": {
        "type": "string",
        "value": "25%"
    },
    "allboxes": [],
    "autogrowmode": 0,
    "canUpdateUI": true,
    "centery": {
        "type": "string",
        "value": "50%"
    },
    "children": [
        "imgTopStory"
    ],
    "clipbounds": true,
    "containerweight": 100,
    "enablescrolling": true,
    "id": "flxImgWrap",
    "info": null,
    "isvisible": true,
    "kuid": "bb79624519f142aea0c9e2e56394f346",
    "layouttype": 2,
    "name": "kony.ui.FlexContainer",
    "parent": "flxTopNews",
    "pf": "frmNewsAndWeather",
    "snapgridsize": 10,
    "snaptogrid": true,
    "wType": "FlexContainer",
    "widgetalignment": 1,
    "zindex": 1
}