{
    "DNDConfig": null,
    "__parentReadjusting__": false,
    "_height_": {
        "type": "string",
        "value": "110px"
    },
    "_margin_": [
        0,
        0,
        0,
        0
    ],
    "_orientation_": 6,
    "_padding_": [
        0,
        0,
        0,
        0
    ],
    "_percent_": true,
    "_skin_": "s30a95d147bd40b2b0cd03f050980c4e",
    "_top_": {
        "type": "string",
        "value": "0px"
    },
    "_width_": {
        "type": "string",
        "value": "82%"
    },
    "allboxes": [],
    "autogrowmode": 0,
    "canUpdateUI": true,
    "centerx": {
        "type": "string",
        "value": "50%"
    },
    "children": [
        "flxTopStoryNewsWrapper",
        "flxImgWrap"
    ],
    "clipbounds": true,
    "containerweight": 100,
    "controllerInfo": {
        "default": {
            "channel": "desktop",
            "name": "frmNewsAndWeatherController"
        }
    },
    "desktopweb": {
        "psp": {
            "hoverSkin": "s8b5f64709c845bdbc3b2eaef09b57f7"
        }
    },
    "enablescrolling": true,
    "id": "flxTopNews",
    "info": null,
    "isvisible": true,
    "kuid": "c332eee2d2194c25bbe3ac95fe6381ef",
    "layouttype": 3,
    "name": "kony.ui.FlexContainer",
    "parent": "flxTopNewsWrapper",
    "pf": "frmNewsAndWeather",
    "snapgridsize": 10,
    "snaptogrid": true,
    "wType": "FlexContainer",
    "widgetalignment": 1,
    "zindex": 1
}