{
    "DNDConfig": null,
    "__parentReadjusting__": false,
    "_height_": {
        "type": "string",
        "value": "300px"
    },
    "_left_": {
        "type": "string",
        "value": "140dp"
    },
    "_margin_": [
        0,
        0,
        0,
        0
    ],
    "_orientation_": 6,
    "_padding_": [
        0,
        0,
        0,
        0
    ],
    "_percent_": true,
    "_skin_": "s30a95d147bd40b2b0cd03f050980c4e",
    "_top_": {
        "type": "string",
        "value": "0dp"
    },
    "_width_": {
        "type": "string",
        "value": "270px"
    },
    "allboxes": [],
    "autogrowmode": 0,
    "canUpdateUI": true,
    "centerx": {
        "type": "string",
        "value": "50%"
    },
    "children": [
        "imgTopOthNews",
        "lblTopOthNT",
        "lblTopOthND"
    ],
    "clipbounds": true,
    "containerweight": 100,
    "desktopweb": {
        "psp": {
            "hoverSkin": "s8b5f64709c845bdbc3b2eaef09b57f7"
        }
    },
    "enablescrolling": true,
    "id": "flxTopOthrNews",
    "info": null,
    "isvisible": false,
    "kuid": "df26917187c74ec3b4e7e73f2087a1ed",
    "layouttype": 4,
    "name": "kony.ui.FlexContainer",
    "parent": "flxTopNewsWrapper",
    "pf": "frmNewsAndWeather",
    "snapgridsize": 10,
    "snaptogrid": true,
    "wType": "FlexContainer",
    "widgetalignment": 1,
    "zindex": 1
}