{
    "DNDConfig": null,
    "__parentReadjusting__": false,
    "_height_": {
        "type": "string",
        "value": "92%"
    },
    "_left_": {
        "type": "string",
        "value": "2%"
    },
    "_margin_": [
        0,
        0,
        0,
        0
    ],
    "_orientation_": 6,
    "_padding_": [
        0,
        0,
        0,
        0
    ],
    "_percent_": true,
    "_skin_": "sfd175df69f743a69bda059fa8d549f5",
    "_top_": {
        "type": "string",
        "value": "4%"
    },
    "_width_": {
        "type": "string",
        "value": "75%"
    },
    "allboxes": [],
    "autogrowmode": 0,
    "canUpdateUI": true,
    "children": [
        "lblTopStoryTitle",
        "lblTopStoryNews"
    ],
    "clipbounds": true,
    "containerweight": 100,
    "enablescrolling": true,
    "id": "flxTopStoryNewsWrapper",
    "info": null,
    "isvisible": true,
    "kuid": "b3c4ac9a5d6d43b9b01da794cdce21b3",
    "layouttype": 4,
    "name": "kony.ui.FlexContainer",
    "parent": "flxTopNews",
    "pf": "frmNewsAndWeather",
    "snapgridsize": 10,
    "snaptogrid": true,
    "wType": "FlexContainer",
    "widgetalignment": 1,
    "zindex": 1
}