{
    "DNDConfig": null,
    "__parentReadjusting__": false,
    "_height_": {
        "type": "string",
        "value": "100%"
    },
    "_left_": {
        "type": "string",
        "value": "2px"
    },
    "_margin_": [
        0,
        0,
        0,
        0
    ],
    "_orientation_": 6,
    "_padding_": [
        0,
        0,
        0,
        0
    ],
    "_percent_": true,
    "_skin_": "s3ad50d1c1044f9aad30a16ee262afea",
    "_width_": {
        "type": "string",
        "value": "140px"
    },
    "allboxes": [],
    "autogrowmode": 0,
    "canUpdateUI": true,
    "centery": {
        "type": "string",
        "value": "50%"
    },
    "children": [
        "lblDay7",
        "lblTemp7",
        "imgTemp7"
    ],
    "clipbounds": true,
    "containerweight": 100,
    "controllerInfo": {
        "default": {
            "channel": "desktop",
            "name": "Form1Controller"
        }
    },
    "enablescrolling": true,
    "id": "flxWeathDay7",
    "info": null,
    "isvisible": true,
    "kuid": "id2f17ba69304881870a138c1f6400e5",
    "layouttype": 2,
    "name": "kony.ui.FlexContainer",
    "parent": "flxWeatherNewsWrapper",
    "pf": "frmNewsAndWeather",
    "snapgridsize": 10,
    "snaptogrid": true,
    "wType": "FlexContainer",
    "widgetalignment": 1,
    "zindex": 1
}