{
    "DNDConfig": null,
    "__parentReadjusting__": false,
    "_height_": {
        "type": "string",
        "value": "100%"
    },
    "_left_": {
        "type": "string",
        "value": "2px"
    },
    "_margin_": [
        0,
        0,
        0,
        0
    ],
    "_orientation_": 6,
    "_padding_": [
        0,
        0,
        0,
        0
    ],
    "_percent_": true,
    "_skin_": "se8d1870c3a44a6c96a0b4c298f5ba87",
    "_width_": {
        "type": "string",
        "value": "140px"
    },
    "allboxes": [],
    "autogrowmode": 0,
    "canUpdateUI": true,
    "centery": {
        "type": "string",
        "value": "50%"
    },
    "children": [
        "lblDay2",
        "imgTemp2",
        "lblTemp2"
    ],
    "clipbounds": true,
    "containerweight": 100,
    "controllerInfo": {
        "default": {
            "channel": "desktop",
            "name": "Form1Controller"
        }
    },
    "enablescrolling": true,
    "id": "flxWeathDay2",
    "info": null,
    "isvisible": true,
    "kuid": "g3e4c8e715a74169af9efc60ec12fc07",
    "layouttype": 2,
    "name": "kony.ui.FlexContainer",
    "parent": "flxWeatherNewsWrapper",
    "pf": "frmNewsAndWeather",
    "snapgridsize": 10,
    "snaptogrid": true,
    "wType": "FlexContainer",
    "widgetalignment": 1,
    "zindex": 1
}