{
    "DNDConfig": null,
    "__parentReadjusting__": false,
    "_height_": {
        "type": "string",
        "value": "100%"
    },
    "_left_": {
        "type": "string",
        "value": "2px"
    },
    "_margin_": [
        0,
        0,
        0,
        0
    ],
    "_orientation_": 6,
    "_padding_": [
        0,
        0,
        0,
        0
    ],
    "_percent_": true,
    "_skin_": "sd8c325c9cf44052bf7bada829b8a874",
    "_width_": {
        "type": "string",
        "value": "140px"
    },
    "allboxes": [],
    "autogrowmode": 0,
    "canUpdateUI": true,
    "centery": {
        "type": "string",
        "value": "50%"
    },
    "children": [
        "lblDay3",
        "lblTemp3",
        "imgTemp3"
    ],
    "clipbounds": true,
    "containerweight": 100,
    "controllerInfo": {
        "default": {
            "channel": "desktop",
            "name": "Form1Controller"
        }
    },
    "enablescrolling": true,
    "id": "flxWeathDay3",
    "info": null,
    "isvisible": true,
    "kuid": "da610d4a345040f0865c810fdecabb1f",
    "layouttype": 2,
    "name": "kony.ui.FlexContainer",
    "parent": "flxWeatherNewsWrapper",
    "pf": "frmNewsAndWeather",
    "snapgridsize": 10,
    "snaptogrid": true,
    "wType": "FlexContainer",
    "widgetalignment": 1,
    "zindex": 1
}