{
    "DNDConfig": null,
    "__parentReadjusting__": false,
    "_height_": {
        "type": "string",
        "value": "150dp"
    },
    "_margin_": [
        0,
        0,
        0,
        0
    ],
    "_orientation_": 6,
    "_padding_": [
        0,
        0,
        0,
        0
    ],
    "_percent_": true,
    "_skin_": "sb35a118501b4583b8aa927f1b4b1c49",
    "_top_": {
        "type": "string",
        "value": "5px"
    },
    "_width_": {
        "type": "string",
        "value": "82%"
    },
    "allboxes": [],
    "allowhorizontalbounce": false,
    "allowverticalbounce": true,
    "bounces": true,
    "canUpdateUI": true,
    "centerx": {
        "type": "string",
        "value": "50%"
    },
    "children": [
        "flxWethDay1",
        "flxWeathDay2",
        "flxWeathDay3",
        "flxWeathDay4",
        "flxWeathDay5",
        "flxWeathDay6",
        "flxWeathDay7"
    ],
    "clipbounds": true,
    "containerweight": 100,
    "decelerat": false,
    "dragg": false,
    "enablescrolling": true,
    "horizontalscrollindicator": false,
    "id": "flxWeatherNewsWrapper",
    "info": null,
    "isvisible": false,
    "kuid": "h9377b5e571f4bd68a4cc85cbf9992ef",
    "layouttype": 3,
    "name": "kony.ui.FlexScrollContainer",
    "pagingenabled": false,
    "parent": "flxBdy",
    "pf": "frmNewsAndWeather",
    "scrolldirection": 1,
    "snapgridsize": 10,
    "snaptogrid": false,
    "track": false,
    "verticalscrollindicator": false,
    "vizProps": {},
    "wType": "FlexScrollContainer",
    "widgetalignment": 1,
    "zindex": 1
}