{
    "DNDConfig": null,
    "__parentReadjusting__": false,
    "_height_": {
        "type": "string",
        "value": "100%"
    },
    "_left_": {
        "type": "string",
        "value": "2px"
    },
    "_margin_": [
        0,
        0,
        0,
        0
    ],
    "_orientation_": 6,
    "_padding_": [
        0,
        0,
        0,
        0
    ],
    "_percent_": true,
    "_skin_": "sbecbe149bb2496ebeac39eb64ff09b9",
    "_width_": {
        "type": "string",
        "value": "140px"
    },
    "allboxes": [],
    "autogrowmode": 0,
    "canUpdateUI": true,
    "centery": {
        "type": "string",
        "value": "50%"
    },
    "children": [
        "lblDay5",
        "lblTemp5",
        "imgTemp5"
    ],
    "clipbounds": true,
    "containerweight": 100,
    "controllerInfo": {
        "default": {
            "channel": "desktop",
            "name": "Form1Controller"
        }
    },
    "enablescrolling": true,
    "id": "flxWeathDay5",
    "info": null,
    "isvisible": true,
    "kuid": "c0b66cfb2b0a42aebd01338b16e931a8",
    "layouttype": 2,
    "name": "kony.ui.FlexContainer",
    "parent": "flxWeatherNewsWrapper",
    "pf": "frmNewsAndWeather",
    "snapgridsize": 10,
    "snaptogrid": true,
    "wType": "FlexContainer",
    "widgetalignment": 1,
    "zindex": 1
}