{
    "@class": "com.kony.gen.viz.model.component.KVizImage2",
    "DNDConfig": null,
    "__parentReadjusting__": false,
    "_base64_": null,
    "_height_": {
        "type": "string",
        "value": "100%"
    },
    "_left_": {
        "type": "string",
        "value": "0px"
    },
    "_margin_": [
        0,
        0,
        0,
        0
    ],
    "_padding_": [
        0,
        0,
        0,
        0
    ],
    "_skin_": "sa24272997a744cc8ef0fbd6b75add43",
    "_src_": "news_dw.png",
    "_top_": {
        "type": "string",
        "value": "18dp"
    },
    "_width_": {
        "type": "string",
        "value": "60px"
    },
    "canUpdateUI": true,
    "centery": {
        "type": "string",
        "value": "50%"
    },
    "containerweight": 100,
    "context": {
        "channel": "desktop",
        "formID": "frmNewsAndWeather",
        "platform": "desktopweb",
        "templateType": "forms",
        "topLevelBox": null
    },
    "id": "imgLogo",
    "imagescalemode": 1,
    "info": null,
    "invokedProperty": "src",
    "isvisible": true,
    "kuid": "b12848ceb2ac4f15bda85087a303effd",
    "name": "kony.ui.Image2",
    "parent": "flxHeaderContentWrapper",
    "pf": "frmNewsAndWeather",
    "srcType": 1,
    "wType": "Image",
    "widgetalignment": 5,
    "zindex": 1
}