{
    "@class": "com.kony.gen.viz.model.component.KVizImage2",
    "DNDConfig": null,
    "__parentReadjusting__": false,
    "_base64_": null,
    "_height_": {
        "type": "string",
        "value": "50%"
    },
    "_left_": {
        "type": "string",
        "value": "69dp"
    },
    "_margin_": [
        0,
        0,
        0,
        0
    ],
    "_padding_": [
        0,
        0,
        0,
        0
    ],
    "_skin_": "sa24272997a744cc8ef0fbd6b75add43",
    "_src_": "weather_small_partly_cloudy.png",
    "_top_": {
        "type": "string",
        "value": "51dp"
    },
    "_width_": {
        "type": "string",
        "value": "50%"
    },
    "canUpdateUI": true,
    "centerx": {
        "type": "string",
        "value": "50%"
    },
    "centery": {
        "type": "string",
        "value": "50%"
    },
    "containerweight": 100,
    "context": {
        "channel": "desktop",
        "formID": "frmNewsAndWeather",
        "platform": "desktopweb",
        "templateType": "forms",
        "topLevelBox": null
    },
    "id": "imgTemp1",
    "imagescalemode": 1,
    "info": null,
    "invokedProperty": "src",
    "isvisible": true,
    "kuid": "i63c34893f0a46548d7b314c8831a362",
    "name": "kony.ui.Image2",
    "parent": "flxWethDay1",
    "pf": "frmNewsAndWeather",
    "srcType": 1,
    "wType": "Image",
    "widgetalignment": 5,
    "zindex": 1
}