{
    "@class": "com.kony.gen.viz.model.component.KVizImage2",
    "DNDConfig": null,
    "__parentReadjusting__": false,
    "_base64_": null,
    "_height_": {
        "type": "string",
        "value": "80px"
    },
    "_margin_": [
        0,
        0,
        0,
        0
    ],
    "_padding_": [
        0,
        0,
        0,
        0
    ],
    "_right_": {
        "type": "string",
        "value": "1%"
    },
    "_skin_": "sa24272997a744cc8ef0fbd6b75add43",
    "_src_": "banner_top_story.jpg",
    "_top_": {
        "type": "string",
        "value": "53dp"
    },
    "_width_": {
        "type": "string",
        "value": "160px"
    },
    "canUpdateUI": true,
    "centery": {
        "type": "string",
        "value": "50%"
    },
    "containerweight": 100,
    "context": {
        "channel": "desktop",
        "formID": "frmNewsAndWeather",
        "platform": "desktopweb",
        "templateType": "forms",
        "topLevelBox": null
    },
    "id": "imgTopStory",
    "imagescalemode": 0,
    "info": null,
    "invokedProperty": "src",
    "isvisible": true,
    "kuid": "b158e00dcdbb4afa8c42040e5ad504c3",
    "name": "kony.ui.Image2",
    "parent": "flxTopNews",
    "pf": "frmNewsAndWeather",
    "srcType": 1,
    "wType": "Image",
    "widgetalignment": 5,
    "zindex": 1
}