{
    "@class": "com.kony.gen.viz.model.component.KVizImage2",
    "DNDConfig": null,
    "__parentReadjusting__": false,
    "_base64_": null,
    "_height_": {
        "type": "string",
        "value": "80px"
    },
    "_left_": {
        "type": "string",
        "value": "46dp"
    },
    "_margin_": [
        0,
        0,
        0,
        0
    ],
    "_padding_": [
        0,
        0,
        0,
        0
    ],
    "_skin_": "sa24272997a744cc8ef0fbd6b75add43",
    "_src_": "imagedrag.png",
    "_top_": {
        "type": "string",
        "value": "7px"
    },
    "_width_": {
        "type": "string",
        "value": "40%"
    },
    "canUpdateUI": true,
    "centerx": {
        "type": "string",
        "value": "50%"
    },
    "containerweight": 100,
    "context": {
        "channel": "desktop",
        "formID": "frmNewsAndWeather",
        "platform": "desktopweb",
        "templateType": "forms",
        "topLevelBox": null
    },
    "id": "imgTopOthNews",
    "imagescalemode": 0,
    "info": null,
    "isvisible": true,
    "kuid": "c2cc8b22b4b646c487af265cb2ab9757",
    "name": "kony.ui.Image2",
    "parent": "flxTopOthrNews",
    "pf": "frmNewsAndWeather",
    "srcType": 1,
    "wType": "Image",
    "widgetalignment": 5,
    "zindex": 1
}