{
    "@class": "com.kony.gen.viz.model.component.KVizUserWidget",
    "DNDConfig": null,
    "__parentReadjusting__": false,
    "_children_": [],
    "_height_": {
        "type": "string",
        "value": "100%"
    },
    "_left_": {
        "type": "string",
        "value": "0dp"
    },
    "_margin_": [
        0,
        0,
        0,
        0
    ],
    "_orientation_": 1,
    "_padding_": [
        0,
        0,
        0,
        0
    ],
    "_percent_": true,
    "_render_": true,
    "_skin_": "s103fbd1237e4addb5f168b15166bfc5",
    "_top_": {
        "type": "string",
        "value": "0dp"
    },
    "_width_": {
        "type": "string",
        "value": "100%"
    },
    "canUpdateUI": true,
    "clipbounds": true,
    "containerweight": 0,
    "data": {},
    "id": "KnowledgeFrameworkDW",
    "info": null,
    "isvisible": true,
    "kuid": "cbb6405a6b0241fda85828f5c9e50efa",
    "layouttype": 2,
    "masterType": 1,
    "minwidth": {
        "type": "string",
        "value": "400px"
    },
    "name": "kony.ui.UserWidgetInstance",
    "parent": "flxKnowledgeFramework",
    "pf": "frmNewsAndWeather",
    "snaptogrid": true,
    "sourceUserWidget": "cc47f92d7e4947dbb4391555be05b4cf",
    "wType": "UserWidgetInstance"
}