{
    "@class": "com.kony.gen.viz.model.component.KVizLabel",
    "DNDConfig": null,
    "__parentReadjusting__": false,
    "_height_": {
        "type": "string",
        "value": "100px"
    },
    "_left_": {
        "type": "string",
        "value": "4%"
    },
    "_margin_": [
        1,
        1,
        1,
        1
    ],
    "_padding_": [
        0,
        0,
        0,
        0
    ],
    "_skin_": "sbb1efd6af3e453db5b6997f7e66cfe7",
    "_text_": "Label",
    "_top_": {
        "type": "string",
        "value": "4dp"
    },
    "_width_": {
        "type": "string",
        "value": "92%"
    },
    "_wrapping_": 2,
    "android": {
        "textStyle": {
            "letterSpacing": 0,
            "strikeThrough": false
        }
    },
    "canUpdateUI": true,
    "containerweight": 100,
    "contentalignment": 4,
    "id": "lblTopOthND",
    "info": null,
    "ipad": {
        "psp": {
            "wrapping": 2
        }
    },
    "iphone": {
        "psp": {
            "wrapping": 2
        }
    },
    "isvisible": true,
    "kuid": "bea26a72f6fd4cd48e9f15c98e9aa78d",
    "name": "kony.ui.Label",
    "parent": "flxTopOthrNews",
    "pf": "frmNewsAndWeather",
    "tooltip": "",
    "wType": "Label",
    "zindex": 1
}