{
    "@class": "com.kony.gen.viz.model.component.KVizRichText",
    "DNDConfig": null,
    "__parentReadjusting__": false,
    "_height_": {
        "type": "string",
        "value": "45dp"
    },
    "_margin_": [
        0,
        0,
        0,
        0
    ],
    "_padding_": [
        0,
        0,
        0,
        0
    ],
    "_skin_": "s5bed657b3a343e8a0dd4254bd38aa76",
    "_text_": "Copyrights 2018 @ <b style='color:rgba(0,0,0,0.8)'>Kony.com</b>\n All rights reserved.",
    "_top_": {
        "type": "string",
        "value": "15px"
    },
    "_width_": {
        "type": "ref",
        "value": "preferred"
    },
    "_wrapping_": 2,
    "canUpdateUI": true,
    "centerx": {
        "type": "string",
        "value": "50%"
    },
    "containerweight": 100,
    "contentalignment": 5,
    "controllerInfo": {
        "default": {
            "channel": "desktop",
            "name": "frmNewsAndWeatherController"
        }
    },
    "id": "rtCopyRights",
    "info": null,
    "isvisible": true,
    "kuid": "b0cded55df6d4c03ad3edf909bc09727",
    "name": "kony.ui.RichText",
    "parent": "flxFooterContentWrapper",
    "pf": "frmNewsAndWeather",
    "wType": "RichText",
    "widgetalignment": 5,
    "zindex": 1
}