{
    "@class": "com.kony.gen.viz.model.component.KVizButton",
    "DNDConfig": null,
    "__parentReadjusting__": false,
    "_bottom_": {
        "type": "string",
        "value": "2%"
    },
    "_height_": {
        "type": "string",
        "value": "82dp"
    },
    "_margin_": [
        6,
        6,
        6,
        6
    ],
    "_padding_": [
        0,
        0,
        0,
        0
    ],
    "_right_": {
        "type": "string",
        "value": "4%"
    },
    "_skin_": "sb1049e759564bfa9d9e305497b39cdf",
    "_text_": "",
    "_width_": {
        "type": "string",
        "value": "82dp"
    },
    "canUpdateUI": true,
    "containerweight": 100,
    "contentalignment": 5,
    "disabledSkins": {
        "focusSkin": "s286273ca5b04daea15e6743499eb3ef"
    },
    "displaytext": true,
    "id": "btnFloating",
    "ide_onClick": "AS_Button_d2f0985dd6384218bea42dc9dea2f3dc",
    "info": null,
    "isvisible": true,
    "kuid": "h83ca2d0942d45fd8edf75f72d0f3b18",
    "name": "kony.ui.Button",
    "onclick": "AS_Button_d2f0985dd6384218bea42dc9dea2f3dc",
    "parent": "flxFullPage",
    "pf": "frmNewsAndWeather",
    "wType": "Button",
    "zindex": 1
}