{
    "DNDConfig": null,
    "__parentReadjusting__": false,
    "_height_": {
        "type": "string",
        "value": "100%"
    },
    "_left_": {
        "type": "string",
        "value": "0.00%"
    },
    "_margin_": [
        0,
        0,
        0,
        0
    ],
    "_orientation_": 6,
    "_padding_": [
        0,
        0,
        0,
        0
    ],
    "_percent_": true,
    "_skin_": "sfd175df69f743a69bda059fa8d549f5",
    "_top_": {
        "type": "string",
        "value": "0%"
    },
    "_width_": {
        "type": "string",
        "value": "30.56%"
    },
    "allboxes": [],
    "autogrowmode": 0,
    "canUpdateUI": true,
    "children": [
        "cateName4"
    ],
    "clipbounds": true,
    "containerweight": 100,
    "enablescrolling": true,
    "id": "category4",
    "ide_onClick": "AS_FlexContainer_h83b8d3f0c864824823dfa64a11c2c2e",
    "info": null,
    "isvisible": true,
    "kuid": "b2f490f9b86043e7ba81a50644794d10",
    "layouttype": 2,
    "name": "kony.ui.FlexContainer",
    "onclick": "AS_FlexContainer_h83b8d3f0c864824823dfa64a11c2c2e",
    "parent": "flexNewsCatagories",
    "pf": "frmNewsAndWeather",
    "snapgridsize": 10,
    "snaptogrid": true,
    "wType": "FlexContainer",
    "widgetalignment": 1,
    "zindex": 1
}