{
    "DNDConfig": null,
    "__parentReadjusting__": false,
    "_height_": {
        "type": "string",
        "value": "100%"
    },
    "_left_": {
        "type": "string",
        "value": "0.00%"
    },
    "_margin_": [
        0,
        0,
        0,
        0
    ],
    "_orientation_": 6,
    "_padding_": [
        0,
        0,
        0,
        0
    ],
    "_percent_": true,
    "_skin_": "sfd175df69f743a69bda059fa8d549f5",
    "_top_": {
        "type": "string",
        "value": "0.00%"
    },
    "_width_": {
        "type": "string",
        "value": "23.15%"
    },
    "allboxes": [],
    "autogrowmode": 0,
    "canUpdateUI": true,
    "children": [
        "cateName2"
    ],
    "clipbounds": true,
    "containerweight": 100,
    "enablescrolling": true,
    "id": "category2",
    "ide_onClick": "AS_FlexContainer_ebe9f732ce294e338246ad2f5039397b",
    "info": null,
    "isvisible": true,
    "kuid": "ge32beb37f8f4bcf911e69534741dc24",
    "layouttype": 2,
    "name": "kony.ui.FlexContainer",
    "onclick": "AS_FlexContainer_ebe9f732ce294e338246ad2f5039397b",
    "parent": "flexNewsCatagories",
    "pf": "frmNewsAndWeather",
    "snapgridsize": 10,
    "snaptogrid": true,
    "wType": "FlexContainer",
    "widgetalignment": 1,
    "zindex": 1
}