{
    "@class": "com.kony.gen.viz.model.component.KVizLabel",
    "DNDConfig": null,
    "__parentReadjusting__": false,
    "_height_": {
        "type": "string",
        "value": "75%"
    },
    "_left_": {
        "type": "string",
        "value": "0.00%"
    },
    "_margin_": [
        1,
        1,
        1,
        1
    ],
    "_padding_": [
        0,
        0,
        0,
        0
    ],
    "_right_": {
        "type": "string",
        "value": "20dp"
    },
    "_skin_": "s81dcd0db2a34e1bac0f2a0629ae755d",
    "_text_": "World",
    "_top_": {
        "type": "string",
        "value": "0%"
    },
    "_width_": {
        "type": "string",
        "value": "90%"
    },
    "_wrapping_": 2,
    "android": {
        "contentAlignment": 5,
        "textStyle": {
            "letterSpacing": 0,
            "strikeThrough": false
        }
    },
    "canUpdateUI": true,
    "centerx": {
        "type": "string",
        "value": "50%"
    },
    "centery": {
        "type": "string",
        "value": "45.80%"
    },
    "containerweight": 100,
    "contentalignment": 5,
    "id": "cateName2",
    "info": null,
    "ipad": {
        "psp": {
            "wrapping": 2
        }
    },
    "iphone": {
        "contentAlignment": 5,
        "psp": {
            "wrapping": 2
        }
    },
    "isvisible": true,
    "kuid": "e80765cda2aa4eada29880f3a3d7e708",
    "masterType": 1,
    "name": "kony.ui.Label",
    "paddinginpixel": false,
    "parent": "category2",
    "pf": "frmNewsAndWeather",
    "spa": {
        "contentAlignment": 5
    },
    "tooltip": "",
    "wType": "Label",
    "zindex": 1
}