{
    "@class": "com.kony.gen.viz.model.component.KVizLabel",
    "DNDConfig": null,
    "__parentReadjusting__": false,
    "_height_": {
        "type": "string",
        "value": "75%"
    },
    "_left_": {
        "type": "string",
        "value": "0.09%"
    },
    "_margin_": [
        1,
        1,
        1,
        1
    ],
    "_padding_": [
        0,
        0,
        0,
        0
    ],
    "_right_": {
        "type": "string",
        "value": "20dp"
    },
    "_skin_": "s81dcd0db2a34e1bac0f2a0629ae755d",
    "_text_": "Sports",
    "_top_": {
        "type": "string",
        "value": "0%"
    },
    "_width_": {
        "type": "string",
        "value": "80%"
    },
    "_wrapping_": 2,
    "android": {
        "contentAlignment": 5,
        "textStyle": {
            "letterSpacing": 0,
            "strikeThrough": false
        }
    },
    "canUpdateUI": true,
    "centerx": {
        "type": "string",
        "value": "50.09%"
    },
    "centery": {
        "type": "string",
        "value": "45.56%"
    },
    "containerweight": 100,
    "contentalignment": 5,
    "id": "cateName7",
    "info": null,
    "ipad": {
        "psp": {
            "wrapping": 2
        }
    },
    "iphone": {
        "contentAlignment": 5,
        "psp": {
            "wrapping": 2
        }
    },
    "isvisible": true,
    "kuid": "a8a96ec1707948ae979ccac4a7e6a7db",
    "masterType": 1,
    "name": "kony.ui.Label",
    "parent": "category7",
    "pf": "frmNewsAndWeather",
    "spa": {
        "contentAlignment": 5
    },
    "tooltip": "",
    "wType": "Label",
    "zindex": 1
}