{
    "@class": "com.kony.gen.viz.model.component.KVizLabel",
    "DNDConfig": null,
    "__parentReadjusting__": false,
    "_height_": {
        "type": "string",
        "value": "75%"
    },
    "_left_": {
        "type": "string",
        "value": "0.09%"
    },
    "_margin_": [
        1,
        1,
        1,
        1
    ],
    "_padding_": [
        0,
        0,
        0,
        0
    ],
    "_right_": {
        "type": "string",
        "value": "20dp"
    },
    "_skin_": "sa5e62004f0b4b84b2d2bb77114e74b9",
    "_text_": "Top Stories",
    "_top_": {
        "type": "string",
        "value": "0%"
    },
    "_width_": {
        "type": "string",
        "value": "87%"
    },
    "_wrapping_": 2,
    "android": {
        "contentAlignment": 5,
        "textStyle": {
            "letterSpacing": 0,
            "strikeThrough": false
        }
    },
    "canUpdateUI": true,
    "centerx": {
        "type": "string",
        "value": "50%"
    },
    "centery": {
        "type": "string",
        "value": "45%"
    },
    "containerweight": 100,
    "contentalignment": 5,
    "id": "cateName1",
    "info": null,
    "ipad": {
        "psp": {
            "wrapping": 2
        }
    },
    "iphone": {
        "contentAlignment": 5,
        "psp": {
            "wrapping": 2
        }
    },
    "isvisible": true,
    "kuid": "bd16af0b6ffe4c4794a5803c243ffcaa",
    "masterType": 1,
    "name": "kony.ui.Label",
    "parent": "category1",
    "pf": "frmNewsAndWeather",
    "spa": {
        "contentAlignment": 5
    },
    "tooltip": "",
    "wType": "Label",
    "zindex": 1
}