{
    "DNDConfig": null,
    "__parentReadjusting__": false,
    "_height_": {
        "type": "string",
        "value": "100%"
    },
    "_left_": {
        "type": "string",
        "value": "0.00%"
    },
    "_margin_": [
        0,
        0,
        0,
        0
    ],
    "_orientation_": 6,
    "_padding_": [
        0,
        0,
        0,
        0
    ],
    "_percent_": true,
    "_skin_": "sfd175df69f743a69bda059fa8d549f5",
    "_top_": {
        "type": "string",
        "value": "-0.10%"
    },
    "_width_": {
        "type": "string",
        "value": "20%"
    },
    "allboxes": [],
    "autogrowmode": 0,
    "canUpdateUI": true,
    "children": [
        "imgWeatherIcon3",
        "lblMinTemp3",
        "lblDay3"
    ],
    "clipbounds": true,
    "containerweight": 100,
    "enablescrolling": true,
    "id": "flexWeather3",
    "info": null,
    "isvisible": true,
    "kuid": "f7927931c6cb44c79aa88b3f445ee51d",
    "layouttype": 2,
    "name": "kony.ui.FlexContainer",
    "parent": "flexWeather",
    "pf": "frmNewsAndWeather",
    "snapgridsize": 10,
    "snaptogrid": true,
    "wType": "FlexContainer",
    "widgetalignment": 1,
    "zindex": 1
}