{
    "DNDConfig": null,
    "__parentReadjusting__": false,
    "_height_": {
        "type": "string",
        "value": "31.89%"
    },
    "_left_": {
        "type": "string",
        "value": "0.03%"
    },
    "_margin_": [
        0,
        0,
        0,
        0
    ],
    "_orientation_": 6,
    "_padding_": [
        0,
        0,
        0,
        0
    ],
    "_percent_": true,
    "_skin_": "s61c8de023394ce1a3936b29bef01d43",
    "_top_": {
        "type": "string",
        "value": "0.00%"
    },
    "_width_": {
        "type": "string",
        "value": "100%"
    },
    "allboxes": [],
    "autogrowmode": 0,
    "canUpdateUI": true,
    "children": [
        "imgToday",
        "lblTodayTemp",
        "lblCityName",
        "lblToday"
    ],
    "clipbounds": true,
    "containerweight": 100,
    "enablescrolling": true,
    "id": "flexTodayWeather",
    "info": null,
    "isvisible": true,
    "kuid": "hb8e062813c545d6a69e0c925f88d18c",
    "layouttype": 2,
    "name": "kony.ui.FlexContainer",
    "parent": "flexScrollNewsAndWeather",
    "pf": "frmNewsAndWeather",
    "snapgridsize": 10,
    "snaptogrid": true,
    "wType": "FlexContainer",
    "widgetalignment": 1,
    "zindex": 1
}