{
    "DNDConfig": null,
    "__parentReadjusting__": false,
    "_height_": {
        "type": "string",
        "value": "50%"
    },
    "_left_": {
        "type": "string",
        "value": "10dp"
    },
    "_margin_": [
        0,
        0,
        0,
        0
    ],
    "_orientation_": 6,
    "_padding_": [
        0,
        0,
        0,
        0
    ],
    "_percent_": true,
    "_skin_": "sb35a118501b4583b8aa927f1b4b1c49",
    "_top_": {
        "type": "string",
        "value": "48%"
    },
    "_width_": {
        "type": "string",
        "value": "100%"
    },
    "allboxes": [],
    "allowhorizontalbounce": false,
    "allowverticalbounce": false,
    "bounces": false,
    "canUpdateUI": true,
    "centerx": {
        "type": "string",
        "value": "50%"
    },
    "children": [
        "category1",
        "category2",
        "category10",
        "category3",
        "category4",
        "category5",
        "category6",
        "category7",
        "category8",
        "category9"
    ],
    "clipbounds": true,
    "containerweight": 100,
    "decelerat": false,
    "dragg": false,
    "enablescrolling": true,
    "horizontalscrollindicator": false,
    "id": "flexNewsCatagories",
    "info": null,
    "isvisible": true,
    "kuid": "e7abda8c87e0410484899ae31c7e2278",
    "layouttype": 3,
    "name": "kony.ui.FlexScrollContainer",
    "pagingenabled": false,
    "parent": "headerContainer",
    "pf": "frmNewsAndWeather",
    "scrolldirection": 1,
    "snapgridsize": 10,
    "snaptogrid": true,
    "track": false,
    "verticalscrollindicator": true,
    "wType": "FlexScrollContainer",
    "widgetalignment": 1,
    "zindex": 1
}