{
    "@class": "com.kony.gen.viz.model.component.KVizUserWidget",
    "DNDConfig": null,
    "__parentReadjusting__": false,
    "_children_": [],
    "_height_": {
        "type": "string",
        "value": "100%"
    },
    "_left_": {
        "type": "string",
        "value": "-100%"
    },
    "_margin_": [
        0,
        0,
        0,
        0
    ],
    "_orientation_": 1,
    "_padding_": [
        0,
        0,
        0,
        0
    ],
    "_percent_": true,
    "_render_": true,
    "_skin_": "s63502a6826c4d4eab3b4e6e6a73e917",
    "_top_": {
        "type": "string",
        "value": "0dp"
    },
    "_width_": {
        "type": "string",
        "value": "100%"
    },
    "autogrowmode": 0,
    "canUpdateUI": true,
    "clipbounds": true,
    "containerweight": 0,
    "data": {
        "footerStyle": "\"only Image\"",
        "footerTextSkin": "sknlblnunito",
        "headingSkin": "CopyCopysknLblNunitof",
        "headingText": "News & Weather",
        "headingTop": {
            "Default": {
                "type": "string",
                "value": "30%"
            }
        },
        "ide_onClickFooterHelp": "AS_UWI_c142c3c0a29d46cca4705a4172b01361",
        "ide_onClickFooterShare": "AS_UWI_hb5b6093d98d4474837702c6bd5f0afa",
        "menuControlFlexTop": {
            "Default": {
                "type": "string",
                "value": "28%"
            }
        },
        "menuItemTextSkin": "sknlblwhiteham",
        "onClickFooterHelp": "AS_UWI_c142c3c0a29d46cca4705a4172b01361",
        "slidingMenuSkin": "sknFlx6342a5SlidingMenu",
        "subHeadingLeft": {
            "Default": {
                "type": "string",
                "value": "15%"
            }
        },
        "subHeadingSkin": "sknlblwhiteham",
        "subHeadingTop": {
            "Default": {
                "type": "string",
                "value": "9%"
            }
        }
    },
    "id": "hamburger",
    "info": null,
    "isvisible": true,
    "kuid": "ab980dd539fd49cc97bf7666c1a2baba",
    "layouttype": 2,
    "masterType": 1,
    "name": "kony.ui.UserWidgetInstance",
    "parent": "frmNewsAndWeather",
    "pf": "frmNewsAndWeather",
    "snaptogrid": true,
    "sourceUserWidget": "m8e464bb908946d5a8beecad6f314755",
    "wType": "UserWidgetInstance",
    "zindex": 1
}