{
    "@class": "com.kony.gen.viz.model.component.KVizLabel",
    "DNDConfig": null,
    "__parentReadjusting__": false,
    "_height_": {
        "type": "string",
        "value": "27.91%"
    },
    "_left_": {
        "type": "string",
        "value": "23dp"
    },
    "_margin_": [
        1,
        1,
        1,
        1
    ],
    "_padding_": [
        0,
        0,
        0,
        0
    ],
    "_skin_": "s52690b55e74409baa5e97eaf15be858",
    "_text_": "18°",
    "_top_": {
        "type": "string",
        "value": "67.10%"
    },
    "_width_": {
        "type": "string",
        "value": "62.26%"
    },
    "_wrapping_": 2,
    "android": {
        "textStyle": {
            "letterSpacing": 0,
            "strikeThrough": false
        }
    },
    "canUpdateUI": true,
    "centerx": {
        "type": "string",
        "value": "50.58%"
    },
    "containerweight": 100,
    "contentalignment": 5,
    "id": "lblMinTemp2",
    "info": null,
    "ipad": {
        "psp": {
            "wrapping": 2
        }
    },
    "iphone": {
        "psp": {
            "wrapping": 2
        }
    },
    "isvisible": true,
    "kuid": "da05ecbda85d42e7b8046fa87a3b3e8f",
    "name": "kony.ui.Label",
    "parent": "flexWeather2",
    "pf": "frmNewsAndWeather",
    "tooltip": "",
    "wType": "Label",
    "zindex": 1
}