{
    "@class": "com.kony.gen.viz.model.component.KVizLabel",
    "DNDConfig": null,
    "__parentReadjusting__": false,
    "_height_": {
        "type": "string",
        "value": "43.89%"
    },
    "_left_": {
        "type": "string",
        "value": "23dp"
    },
    "_margin_": [
        1,
        1,
        1,
        1
    ],
    "_padding_": [
        0,
        0,
        0,
        0
    ],
    "_skin_": "s0abf6fe831343dc9db5d952cb7b28ac",
    "_text_": "29°",
    "_top_": {
        "type": "string",
        "value": "45.43%"
    },
    "_width_": {
        "type": "string",
        "value": "28.93%"
    },
    "_wrapping_": 2,
    "android": {
        "textStyle": {
            "letterSpacing": 0,
            "strikeThrough": false
        }
    },
    "canUpdateUI": true,
    "centerx": {
        "type": "string",
        "value": "51.41%"
    },
    "containerweight": 100,
    "contentalignment": 5,
    "id": "lblTodayTemp",
    "info": null,
    "ipad": {
        "psp": {
            "wrapping": 2
        }
    },
    "iphone": {
        "psp": {
            "wrapping": 2
        }
    },
    "isvisible": true,
    "kuid": "c63713e9f5e24ee5b80c6c6be8483b3b",
    "name": "kony.ui.Label",
    "parent": "flexTodayWeather",
    "pf": "frmNewsAndWeather",
    "tooltip": "",
    "wType": "Label",
    "zindex": 1
}