{
    "@class": "com.kony.gen.viz.model.container.KVizSegment2",
    "DNDConfig": null,
    "__parentReadjusting__": false,
    "_data_": [
        {
            "NewsTitle": {
                "@class": "com.viz.ide.model.segment.SimpleTextSegmentData",
                "text": ""
            },
            "imgNewsIcon": {
                "@class": "com.viz.ide.model.segment.ImageSegmentData",
                "src": ""
            },
            "lblDummy": {
                "@class": "com.viz.ide.model.segment.SimpleTextSegmentData",
                "text": ""
            },
            "newsShortDesc": {
                "@class": "com.viz.ide.model.segment.SimpleTextSegmentData",
                "text": ""
            }
        }
    ],
    "_height_": {
        "type": "ref",
        "value": "preferred"
    },
    "_indicator_": "none",
    "_left_": {
        "type": "string",
        "value": "0%"
    },
    "_margin_": [
        0,
        0,
        0,
        0
    ],
    "_orientation_": 2,
    "_padding_": [
        0,
        0,
        0,
        0
    ],
    "_top_": {
        "type": "string",
        "value": "0%"
    },
    "_width_": {
        "type": "string",
        "value": "95%"
    },
    "autogrowmode": 1,
    "canUpdateUI": true,
    "centerx": {
        "type": "string",
        "value": "50%"
    },
    "containerweight": 100,
    "counter": "00",
    "focusedindex": null,
    "focuseditem": null,
    "groupcells": false,
    "hasSections": false,
    "id": "segNews",
    "ide_onRowClick": "AS_Segment_i39678ebcd89453fa22d80985d2389da",
    "info": null,
    "ipad": {
        "psp": {
            "indicator": "rowselect"
        }
    },
    "iphone": {
        "psp": {
            "indicator": "none"
        }
    },
    "isvisible": true,
    "kuid": "jb12569c4a3b48f091e6210086c38650",
    "masterdata": {},
    "name": "kony.ui.SegmentedUI2",
    "needpageindicator": true,
    "onrowclick": "AS_Segment_i39678ebcd89453fa22d80985d2389da",
    "pageoffdotimage": "pageoffdot.png",
    "pageondotimage": "pageondot.png",
    "paginationconfig": {
        "position": "bottom"
    },
    "parent": "flexScrollNewsAndWeather",
    "pf": "frmNewsAndWeather",
    "retainselection": false,
    "rowTemplateId": "a2bfb94a23a941c9a9340e347b9c27c4",
    "rowcounter": 0,
    "rowfocusskin": "sbcc7b2d6ae14f83bdde659ef7d12120",
    "rowskin": "sf8be809023741dd988da6d684c1d997",
    "rowtemplate": "flexMainNews",
    "screenlevelwidget": false,
    "seccounter": 0,
    "sectionHeaderTemplateId": null,
    "sectionheaderskin": "s274718c0fee42d7a817324f80cfd67e",
    "selectedRows": null,
    "selectedState": false,
    "selectedindex": null,
    "selectedindices": null,
    "selecteditems": null,
    "selectedsectionindex": 0,
    "selectionbehavior": "default",
    "separatorcolor": "cccccc00",
    "separatorrequired": true,
    "separatorthickness": 1,
    "showscrollbars": false,
    "viewtype": "tableview",
    "wType": "Segment",
    "widgetalignment": 5,
    "widgetdatamap": {
        "NewsTitle": "NewsTitle",
        "flexMainNews": "flexMainNews",
        "flexTitAndDesc": "flexTitAndDesc",
        "imgNewsIcon": "imgNewsIcon",
        "lblDummy": "lblDummy",
        "newsShortDesc": "newsShortDesc"
    },
    "widgetskin": "s8c931da0db74cf0aa9c342a9700cf05",
    "zindex": 1
}