<?xml version="1.0" encoding="UTF-8" standalone="yes"?>
<service serviceGroup="" cachable="false" cacheduration="" description="" endpoint="" groupType="" id="getLocalNewsWeather" passwordencrypted="" security="public" type="CompositeConnector" smscode="" smsenabled="false">
    <service-config>
        <config-param api-version="" appid="" name="exec_type" value="Sequential"/>
        <config-param api-version="" appid="" name="postprocessorname" value=""/>
        <config-param api-version="" appid="" name="postprocessorJS" value=""/>
        <config-param api-version="1.0" appid="ZCityWeather" name="service" value="getWeather"/>
        <config-param api-version="1.0" appid="ZWeatherForeCast" name="service" value="getForecast"/>
        <config-param api-version="1.0" appid="News" name="service" value="LocalNews"/>
    </service-config>
    <service-input passthrough="false"/>
    <service-output passthrough="false"/>
</service>
