{
    "@class": "com.kony.gen.viz.model.component.KVizBrowser",
    "DNDConfig": null,
    "__parentReadjusting__": false,
    "_height_": {
        "type": "string",
        "value": "91.06%"
    },
    "_left_": {
        "type": "string",
        "value": "0%"
    },
    "_margin_": [
        0,
        0,
        0,
        0
    ],
    "_padding_": [
        0,
        0,
        0,
        0
    ],
    "_top_": {
        "type": "string",
        "value": "56dp"
    },
    "_type_": 3,
    "_width_": {
        "type": "string",
        "value": "100%"
    },
    "android": {},
    "canUpdateUI": true,
    "containerweight": 69,
    "detecttelnumber": true,
    "htmlstring": "Browser",
    "id": "browserDetails",
    "info": null,
    "isvisible": true,
    "kuid": "jb5aeffebd0b4b0ba57598522a9450a0",
    "margininpixel": false,
    "method": "get",
    "name": "kony.ui.Browser",
    "paddinginpixel": false,
    "parent": "frmNewsDetails",
    "pf": "frmNewsDetails",
    "requesturlconfig": {
        "URL": "",
        "requestMethod": "get"
    },
    "screenlevelwidget": false,
    "url": "",
    "wType": "Browser",
    "zindex": 1
}