{
    "@class": "com.kony.gen.viz.model.component.KVizLabel",
    "DNDConfig": null,
    "__parentReadjusting__": false,
    "_height_": {
        "type": "string",
        "value": "100%"
    },
    "_left_": {
        "type": "string",
        "value": "20dp"
    },
    "_margin_": [
        1,
        1,
        1,
        1
    ],
    "_padding_": [
        0,
        0,
        0,
        0
    ],
    "_right_": {
        "type": "string",
        "value": "20dp"
    },
    "_skin_": "s7a841dab08e4a018f7b6a9ac5313019",
    "_text_": "News",
    "_top_": {
        "type": "string",
        "value": "0dp"
    },
    "_wrapping_": 2,
    "android": {
        "contentAlignment": 4,
        "padding": [
            15,
            0,
            0,
            0
        ],
        "paddingInPixel": false,
        "textStyle": {
            "letterSpacing": 0,
            "strikeThrough": false
        }
    },
    "canUpdateUI": true,
    "containerweight": 100,
    "contentalignment": 5,
    "id": "category",
    "info": null,
    "ipad": {
        "psp": {
            "wrapping": 2
        }
    },
    "iphone": {
        "contentAlignment": 5,
        "padding": [
            0,
            0,
            0,
            0
        ],
        "paddingInPixel": false,
        "psp": {
            "wrapping": 2
        }
    },
    "isvisible": true,
    "kuid": "ga354d4fc59442c7a7d303e6a4bb3465",
    "masterType": 1,
    "name": "kony.ui.Label",
    "paddinginpixel": false,
    "parent": "headerContainer01",
    "pf": "frmNewsDetails",
    "spa": {
        "contentAlignment": 5
    },
    "tooltip": "",
    "wType": "Label",
    "zindex": 1
}