{
    "@class": "com.kony.gen.viz.model.component.KVizButton",
    "DNDConfig": null,
    "__parentReadjusting__": false,
    "_height_": {
        "type": "string",
        "value": "100%"
    },
    "_left_": {
        "type": "string",
        "value": "0dp"
    },
    "_margin_": [
        6,
        6,
        6,
        6
    ],
    "_padding_": [
        27,
        0,
        0,
        0
    ],
    "_skin_": "s6c81f0bd15c439395f974ff8a254fc7",
    "_text_": "Back",
    "_top_": {
        "type": "string",
        "value": "0dp"
    },
    "_width_": {
        "type": "string",
        "value": "76dp"
    },
    "android": {
        "displayText": false
    },
    "canUpdateUI": true,
    "containerweight": 100,
    "contentalignment": 4,
    "displaytext": true,
    "focusskin": "s0696c3010af4a22814c5ede15ab175c",
    "id": "headerButtonLeft",
    "ide_onClick": "AS_Button_e2dd0e980662446a819c9ffcfafd3b31",
    "info": null,
    "iphone": {
        "padding": [
            27,
            0,
            0,
            0
        ],
        "paddingInPixel": true
    },
    "isvisible": true,
    "kuid": "b36c22b1fde34cfbba5188e32353ab18",
    "masterType": 1,
    "name": "kony.ui.Button",
    "onclick": "AS_Button_e2dd0e980662446a819c9ffcfafd3b31",
    "paddingLocked": false,
    "paddinginpixel": false,
    "parent": "headerContainer01",
    "pf": "frmNewsDetails",
    "wType": "Button",
    "zindex": 1
}