{
    "AS_Button_i201542757c54cd7a4075f86132281e7": {
        "id": "AS_Button_i201542757c54cd7a4075f86132281e7",
        "type": "ACTION_SEQUENCE",
        "params": [{
            "datatype": "collection",
            "name": "eventobject"
        }],
        "contextObj": {
            "name": "frmNewsAndWeather",
            "type": "forms",
            "platform": "",
            "KUID": "g66b540469264921941dad9c4f85745e"
        },
        "language": "js",
        "actions": [{
            "id": "ADD_SNIPPET__g662f468e443485aa1771ea16eb179fd",
            "type": "ADD_SNIPPET",
            "codeSnippet": "this.setCategorySelected(eventobject.id);",
            "parentId": null,
            "callbackType": null
        }]
    }
}