{
    "AS_Button_e7e265d183ab4b7a98b42f591d9200ce": {
        "id": "AS_Button_e7e265d183ab4b7a98b42f591d9200ce",
        "type": "ACTION_SEQUENCE",
        "params": [{
            "datatype": "collection",
            "name": "eventobject"
        }],
        "language": "js",
        "actions": [{
            "id": "ADD_SNIPPET_ide_onClick_c951671a5f0e4e19ace5dab6256e16f7",
            "type": "ADD_SNIPPET",
            "codeSnippet": "this.setCategorySelected(eventobject.id);",
            "callbackType": null
        }]
    }
}