{
    "AS_Button_e8042366c0fa463e9aa2c61ee4807127": {
        "id": "AS_Button_e8042366c0fa463e9aa2c61ee4807127",
        "type": "ACTION_SEQUENCE",
        "params": [{
            "datatype": "collection",
            "name": "eventobject"
        }],
        "contextObj": {
            "name": "frmNewsAndWeather",
            "type": "forms",
            "platform": "",
            "KUID": "g66b540469264921941dad9c4f85745e"
        },
        "language": "js",
        "actions": [{
            "id": "ADD_SNIPPET__a1db18a321b344f68829e603f86f9ea2",
            "type": "ADD_SNIPPET",
            "codeSnippet": "this.setCategorySelected(eventobject.id);",
            "parentId": null,
            "callbackType": null
        }]
    }
}