{
    "AS_Button_c9e7f409dbeb49fa904fa44499e0dff8": {
        "id": "AS_Button_c9e7f409dbeb49fa904fa44499e0dff8",
        "type": "ACTION_SEQUENCE",
        "params": [{
            "datatype": "collection",
            "name": "eventobject"
        }],
        "contextObj": {
            "name": "frmNewsAndWeather",
            "type": "forms",
            "platform": "",
            "KUID": "g66b540469264921941dad9c4f85745e"
        },
        "language": "js",
        "actions": [{
            "id": "ADD_SNIPPET__f6990679971d44bab4f143483204ef8d",
            "type": "ADD_SNIPPET",
            "codeSnippet": "this.setCategorySelected(eventobject.id);",
            "parentId": null,
            "callbackType": null
        }]
    }
}