{
    "AS_Button_ba7d9fe56cea4d2bbf6e3bc0f089ce6d": {
        "id": "AS_Button_ba7d9fe56cea4d2bbf6e3bc0f089ce6d",
        "type": "ACTION_SEQUENCE",
        "params": [{
            "datatype": "collection",
            "name": "eventobject"
        }],
        "contextObj": {
            "name": "frmNewsAndWeather",
            "type": "forms",
            "platform": "",
            "KUID": "g66b540469264921941dad9c4f85745e"
        },
        "language": "js",
        "actions": [{
            "id": "ADD_SNIPPET__be9148a8caeb46ee8ea44d4feecac4ac",
            "type": "ADD_SNIPPET",
            "codeSnippet": "this.setCategorySelected(eventobject.id);",
            "parentId": null,
            "callbackType": null
        }]
    }
}