{
    "AS_Button_a668c4186eca47e2a5b76cfb9896fa67": {
        "id": "AS_Button_a668c4186eca47e2a5b76cfb9896fa67",
        "type": "ACTION_SEQUENCE",
        "params": [{
            "datatype": "collection",
            "name": "eventobject"
        }],
        "contextObj": {
            "name": "frmNewsAndWeather",
            "type": "forms",
            "platform": "",
            "KUID": "g66b540469264921941dad9c4f85745e"
        },
        "language": "js",
        "actions": [{
            "id": "OPEN_URL_ide_onClick_e2512f9ac1e5426d89af491371eeba17",
            "type": "OPEN_URL",
            "url": "https://community.kony.com/documentation",
            "callbackType": null
        }]
    }
}