{
    "AS_Button_a9e406af7c3a406b825ee36b29b10b3c": {
        "id": "AS_Button_a9e406af7c3a406b825ee36b29b10b3c",
        "type": "ACTION_SEQUENCE",
        "params": [{
            "datatype": "collection",
            "name": "eventobject"
        }],
        "language": "js",
        "actions": [{
            "id": "ADD_SNIPPET_ide_onClick_aec58878d653419bb553c187b1313ada",
            "type": "ADD_SNIPPET",
            "codeSnippet": "this.setCategorySelected(eventobject.id);",
            "callbackType": null
        }]
    }
}