{
    "AS_Button_b26062a68e45468cb8cb7f12b1bbb705": {
        "id": "AS_Button_b26062a68e45468cb8cb7f12b1bbb705",
        "type": "ACTION_SEQUENCE",
        "params": [{
            "datatype": "collection",
            "name": "eventobject"
        }],
        "language": "js",
        "actions": [{
            "id": "ADD_SNIPPET_ide_onClick_i4e781056f7e48f5bc2f23d5da2f733e",
            "type": "ADD_SNIPPET",
            "codeSnippet": "this.setCategorySelected(eventobject.id);",
            "callbackType": null
        }]
    }
}