{
    "AS_Button_d4439ebe012b4a9e8ce6fc291e238e27": {
        "id": "AS_Button_d4439ebe012b4a9e8ce6fc291e238e27",
        "type": "ACTION_SEQUENCE",
        "params": [{
            "datatype": "collection",
            "name": "eventobject"
        }],
        "language": "js",
        "actions": [{
            "id": "ADD_SNIPPET_ide_onClick_ib9e149c20bb4c35b5b0550a89fd2648",
            "type": "ADD_SNIPPET",
            "codeSnippet": "this.setCategorySelected(eventobject.id);",
            "callbackType": null
        }]
    }
}