{
    "AS_Button_iac7a76a707248a5a6d9af86803739fa": {
        "id": "AS_Button_iac7a76a707248a5a6d9af86803739fa",
        "type": "ACTION_SEQUENCE",
        "params": [{
            "datatype": "collection",
            "name": "eventobject"
        }],
        "language": "js",
        "actions": [{
            "id": "ADD_SNIPPET__c82927fa25de4ade8620aaa5de0cafda",
            "type": "ADD_SNIPPET",
            "codeSnippet": "this.setCategorySelected(eventobject.id);",
            "parentId": null,
            "callbackType": null
        }]
    }
}