{
    "AS_Button_hc6a7f0dc0b14568a3fddd4dd520c480": {
        "id": "AS_Button_hc6a7f0dc0b14568a3fddd4dd520c480",
        "type": "ACTION_SEQUENCE",
        "params": [{
            "datatype": "collection",
            "name": "eventobject"
        }],
        "language": "js",
        "actions": [{
            "id": "ADD_SNIPPET_ide_onClick_a498963e39f54fb0a852ec46b18090db",
            "type": "ADD_SNIPPET",
            "codeSnippet": "this.setCategorySelected(eventobject.id);",
            "callbackType": null
        }]
    }
}