{
    "AS_FlexContainer_j84b7bd90a28415e98941954e5927ced": {
        "id": "AS_FlexContainer_j84b7bd90a28415e98941954e5927ced",
        "type": "ACTION_SEQUENCE",
        "params": [{
            "datatype": "collection",
            "name": "eventobject"
        }],
        "contextObj": {
            "name": "frmNewsAndWeather",
            "type": "forms",
            "platform": "",
            "KUID": "g66b540469264921941dad9c4f85745e"
        },
        "language": "js",
        "actions": [{
            "id": "ADD_SNIPPET__fa2eff95c31a4ca780276034f5ab6a0a",
            "type": "ADD_SNIPPET",
            "codeSnippet": "this.view.flxKnowledgeFramework.isVisible = !this.view.flxKnowledgeFramework.isVisible;",
            "parentId": null,
            "callbackType": null
        }]
    }
}