{
    "AS_FlexContainer_f5324683470f4a489a4a81cbf92b72f3": {
        "id": "AS_FlexContainer_f5324683470f4a489a4a81cbf92b72f3",
        "type": "ACTION_SEQUENCE",
        "params": [{
            "datatype": "collection",
            "name": "eventobject"
        }],
        "language": "js",
        "actions": [{
            "id": "ADD_SNIPPET_ide_onClick_ac77a35c641a4759a1846be0001e0f28",
            "type": "ADD_SNIPPET",
            "codeSnippet": "this.showHideHamMenu();",
            "callbackType": null
        }]
    }
}