{
    "AS_Form_dd992d2e8c6d4c24b43fcaf1aa714701": {
        "id": "AS_Form_dd992d2e8c6d4c24b43fcaf1aa714701",
        "type": "ACTION_SEQUENCE",
        "params": [{
            "datatype": "collection",
            "name": "eventobject"
        }],
        "contextObj": {
            "name": "frmNewsAndWeather",
            "type": "forms",
            "platform": "",
            "KUID": "g66b540469264921941dad9c4f85745e"
        },
        "language": "js",
        "actions": [{
            "id": "ADD_SNIPPET__be369a5ac00849b99bfdd7b77651072c",
            "type": "ADD_SNIPPET",
            "codeSnippet": "this.form1PresShow();",
            "parentId": null,
            "callbackType": null
        }]
    }
}