{
    "AS_Form_f1e952e551f7495e80012684b648f3e9": {
        "id": "AS_Form_f1e952e551f7495e80012684b648f3e9",
        "type": "ACTION_SEQUENCE",
        "params": [{
            "datatype": "collection",
            "name": "eventobject"
        }],
        "contextObj": {
            "name": "frmNewsAndWeather",
            "type": "forms",
            "platform": "",
            "KUID": "g66b540469264921941dad9c4f85745e"
        },
        "language": "js",
        "actions": [{
            "id": "ADD_SNIPPET__d2525211d5564eebb918c3d55f51e64d",
            "type": "ADD_SNIPPET",
            "codeSnippet": "this.form1PostShow();",
            "parentId": null,
            "callbackType": null
        }]
    }
}