{
    "AS_FlexContainer_c7b85a31f54a49e996a780d3119c572c": {
        "id": "AS_FlexContainer_c7b85a31f54a49e996a780d3119c572c",
        "type": "ACTION_SEQUENCE",
        "params": [{
            "datatype": "collection",
            "name": "eventobject"
        }],
        "contextObj": {
            "name": "frmNewsAndWeather",
            "type": "forms",
            "platform": "",
            "KUID": "g66b540469264921941dad9c4f85745e"
        },
        "language": "js",
        "actions": [{
            "id": "ADD_SNIPPET__abdb3a055f6448d6a8477ccfa2370a17",
            "type": "ADD_SNIPPET",
            "codeSnippet": "this.closeKnowledgeFramework();",
            "parentId": null,
            "callbackType": null
        }]
    }
}