{
    "AS_FlexContainer_g3b61cb7a6b348639e1660888549db6e": {
        "id": "AS_FlexContainer_g3b61cb7a6b348639e1660888549db6e",
        "type": "ACTION_SEQUENCE",
        "params": [{
            "datatype": "collection",
            "name": "eventobject"
        }],
        "language": "js",
        "actions": [{
            "id": "ADD_SNIPPET_ide_onClick_ec03174c03ac41a69a9a992965e065cf",
            "type": "ADD_SNIPPET",
            "codeSnippet": "this.view.flxKnowledgeFramework.isVisible = !this.view.flxKnowledgeFramework.isVisible;",
            "callbackType": null
        }]
    }
}