{
    "AS_Button_e2dd0e980662446a819c9ffcfafd3b31": {
        "id": "AS_Button_e2dd0e980662446a819c9ffcfafd3b31",
        "type": "ACTION_SEQUENCE",
        "params": [{
            "datatype": "collection",
            "name": "eventobject"
        }],
        "contextObj": {
            "name": "frmNewsDetails",
            "type": "forms",
            "platform": null,
            "KUID": "be31b316dd5546a7bbdf2943d47b76cb"
        },
        "language": "js",
        "actions": [{
            "id": "ADD_SNIPPET__g1668980f69641778ac9102617b49113",
            "type": "ADD_SNIPPET",
            "codeSnippet": "var previewsForm = kony.application.getPreviousForm();\nvar navToPreForm = new kony.mvc.Navigation(previewsForm.id);\nnavToPreForm.navigate();",
            "parentId": null,
            "callbackType": null
        }]
    }
}