{
    "AS_FlexContainer_a05455874ac3449eba33155130958eb4": {
        "id": "AS_FlexContainer_a05455874ac3449eba33155130958eb4",
        "type": "ACTION_SEQUENCE",
        "params": [{
            "datatype": "collection",
            "name": "eventobject"
        }],
        "language": "js",
        "actions": [{
            "id": "INVOKE_FUNCTION__ide_onClick_cdd3f8170c2b415e9f085cce6b1a8fae",
            "type": "INVOKE_FUNCTION",
            "sequenceKUID": "setSelection",
            "display": "setSelection",
            "inputparams": [{
                "name": "id"
            }],
            "callbackType": null,
            "disabled": null,
            "source": "controller"
        }]
    }
}