{
    "AS_FlexContainer_hee5890bfa534877b5e2954cb0ffdb10": {
        "id": "AS_FlexContainer_hee5890bfa534877b5e2954cb0ffdb10",
        "type": "ACTION_SEQUENCE",
        "params": [{
            "datatype": "collection",
            "name": "eventobject"
        }],
        "language": "js",
        "actions": [{
            "id": "INVOKE_FUNCTION__ide_onClick_b277f886ecb04decb1be9e06ea84931c",
            "type": "INVOKE_FUNCTION",
            "sequenceKUID": "setSelection",
            "display": "setSelection",
            "inputparams": [{
                "name": "id"
            }],
            "callbackType": null,
            "disabled": null,
            "source": "controller"
        }]
    }
}