{
    "AS_Form_fa59f805318e46e3b2fd3f537d16ece6": {
        "id": "AS_Form_fa59f805318e46e3b2fd3f537d16ece6",
        "type": "ACTION_SEQUENCE",
        "params": [{
            "datatype": "collection",
            "name": "eventobject"
        }],
        "contextObj": {
            "name": "frmNewsAndWeather",
            "type": "forms",
            "platform": "",
            "KUID": "b7e61c0deb3a4169a987b8d1a8590c54"
        },
        "language": "js",
        "actions": [{
            "id": "ADD_SNIPPET__d048ab51b9ea43ed94ec63f582aad4ad",
            "type": "ADD_SNIPPET",
            "codeSnippet": "var nav = new kony.mvc.FormController(\"frmFramework\");\nnav.destroy();\n",
            "parentId": null,
            "callbackType": null
        }]
    }
}