{
    "AS_FlexContainer_f0ca25720a6d458e9a24ee101b6adcbf": {
        "id": "AS_FlexContainer_f0ca25720a6d458e9a24ee101b6adcbf",
        "type": "ACTION_SEQUENCE",
        "params": [{
            "datatype": "collection",
            "name": "eventobject"
        }],
        "contextObj": {
            "name": "frmNewsAndWeather",
            "type": "forms",
            "platform": "",
            "KUID": "b7e61c0deb3a4169a987b8d1a8590c54"
        },
        "language": "js",
        "actions": [{
            "id": "ADD_SNIPPET__i24585577b224b8592bc1e521c8318c9",
            "type": "ADD_SNIPPET",
            "codeSnippet": "this.flxCoverOnClick();",
            "parentId": null,
            "callbackType": null
        }]
    }
}