{
    "AS_Form_ff1182f99d924272996832958105b8e0": {
        "id": "AS_Form_ff1182f99d924272996832958105b8e0",
        "type": "ACTION_SEQUENCE",
        "params": [{
            "datatype": "collection",
            "name": "eventobject"
        }],
        "contextObj": {
            "name": "frmFramework",
            "type": "forms",
            "platform": "",
            "KUID": "b01986ea256f49db85afbea0b8991e10"
        },
        "language": "js",
        "actions": [{
            "id": "ADD_SNIPPET__e18007e0234244b9befaa57bed71d8f9",
            "type": "ADD_SNIPPET",
            "codeSnippet": "this.onPreshow();",
            "parentId": null,
            "callbackType": null
        }]
    }
}