{
    "AS_Segment_g8fdeb5ede5642898717f745c10eb22e": {
        "id": "AS_Segment_g8fdeb5ede5642898717f745c10eb22e",
        "type": "ACTION_SEQUENCE",
        "params": [{
            "datatype": "collection",
            "name": "eventobject"
        }, {
            "datatype": "number",
            "name": "sectionNumber"
        }, {
            "datatype": "number",
            "name": "rowNumber"
        }],
        "language": "js",
        "actions": [{
            "id": "ADD_SNIPPET_ide_onRowClick_i7d36e8e38be4f0db4aa6bc81621b05c",
            "type": "ADD_SNIPPET",
            "codeSnippet": "this.showDetailedNews();",
            "callbackType": null
        }]
    }
}